family,protocol,problem,baseline,fito_mean,baseline_mean,mann_whitney_u,p_value,fito_better,cliffs_delta,fito_ci95_low,fito_ci95_high,baseline_ci95_low,baseline_ci95_high,holm_p_value,holm_family_size,holm_scope
dynamic_main,fast_t5_n10,df1,DNSGA-II-A,0.11609302437548859,0.221175084367128,0.0,6.79561512817336e-08,True,-1.0,0.10693592235036281,0.12525012640061436,0.20941883428897634,0.23293133444527964,1.1008896507640843e-05,162,dynamic_main_162_comparisons
dynamic_main,fast_t5_n10,df1,DNSGA-II-B,0.11609302437548859,0.5956811861573968,0.0,6.79561512817336e-08,True,-1.0,0.10693592235036281,0.12525012640061436,0.5603479793748297,0.631014392939964,1.1008896507640843e-05,162,dynamic_main_162_comparisons
dynamic_main,fast_t5_n10,df1,KGB-DMOEA,0.11609302437548859,0.246312766864063,0.0,6.79561512817336e-08,True,-1.0,0.10693592235036281,0.12525012640061436,0.22799441867504275,0.26463111505308323,1.1008896507640843e-05,162,dynamic_main_162_comparisons
dynamic_main,fast_t5_n10,df1,MDDM-DMOEA,0.11609302437548859,0.5152984303679495,0.0,6.79561512817336e-08,True,-1.0,0.10693592235036281,0.12525012640061436,0.48049057898485625,0.5501062817510428,1.1008896507640843e-05,162,dynamic_main_162_comparisons
dynamic_main,fast_t5_n10,df1,NSGA-II,0.11609302437548859,0.11466349618776599,206.0,0.8817307917391243,False,0.03,0.10693592235036281,0.12525012640061436,0.10406410655460473,0.12526288582092723,0.8817307917391243,162,dynamic_main_162_comparisons
dynamic_main,fast_t5_n10,df1,PPS-DMOEA,0.11609302437548859,0.5571169240347363,0.0,6.79561512817336e-08,True,-1.0,0.10693592235036281,0.12525012640061436,0.5324485913005188,0.5817852567689539,1.1008896507640843e-05,162,dynamic_main_162_comparisons
dynamic_main,fast_t5_n10,df2,DNSGA-II-A,0.24941475042109565,0.14577654557956615,400.0,6.79561512817336e-08,False,1.0,0.24057785860840092,0.2582516422337904,0.1382923527768273,0.153260738382305,1.1008896507640843e-05,162,dynamic_main_162_comparisons
dynamic_main,fast_t5_n10,df2,DNSGA-II-B,0.24941475042109565,0.44255053051300575,0.0,6.79561512817336e-08,True,-1.0,0.24057785860840092,0.2582516422337904,0.4129183295066227,0.4721827315193888,1.1008896507640843e-05,162,dynamic_main_162_comparisons
dynamic_main,fast_t5_n10,df2,KGB-DMOEA,0.24941475042109565,0.1860467428000645,391.0,2.562945863395653e-07,False,0.955,0.24057785860840092,0.2582516422337904,0.17423147449596893,0.19786201110416007,1.2558434730638699e-05,162,dynamic_main_162_comparisons
dynamic_main,fast_t5_n10,df2,MDDM-DMOEA,0.24941475042109565,0.3863473774078076,0.0,6.79561512817336e-08,True,-1.0,0.24057785860840092,0.2582516422337904,0.3652923808143967,0.40740237400121854,1.1008896507640843e-05,162,dynamic_main_162_comparisons
dynamic_main,fast_t5_n10,df2,NSGA-II,0.24941475042109565,0.10284448063500282,400.0,6.79561512817336e-08,False,1.0,0.24057785860840092,0.2582516422337904,0.09446576720731437,0.11122319406269127,1.1008896507640843e-05,162,dynamic_main_162_comparisons
dynamic_main,fast_t5_n10,df2,PPS-DMOEA,0.24941475042109565,0.4691291357060375,0.0,6.79561512817336e-08,True,-1.0,0.24057785860840092,0.2582516422337904,0.4358848204623237,0.5023734509497513,1.1008896507640843e-05,162,dynamic_main_162_comparisons
dynamic_main,fast_t5_n10,df3,DNSGA-II-A,0.538235306051266,0.7794411462867421,1.0,7.898033666674663e-08,True,-0.995,0.4873532993832929,0.5891173127192391,0.744621259903584,0.8142610326699002,1.1008896507640843e-05,162,dynamic_main_162_comparisons
dynamic_main,fast_t5_n10,df3,DNSGA-II-B,0.538235306051266,0.7387285157622815,7.0,1.9177119523374596e-07,True,-0.965,0.4873532993832929,0.5891173127192391,0.7061104360395782,0.7713465954849847,1.1008896507640843e-05,162,dynamic_main_162_comparisons
dynamic_main,fast_t5_n10,df3,KGB-DMOEA,0.538235306051266,0.7136676734076846,30.0,4.540079639937965e-06,True,-0.85,0.4873532993832929,0.5891173127192391,0.6739137662489756,0.7534215805663935,0.00010896191135851115,162,dynamic_main_162_comparisons
dynamic_main,fast_t5_n10,df3,MDDM-DMOEA,0.538235306051266,0.6729577097111404,62.0,0.00019970667503660234,True,-0.69,0.4873532993832929,0.5891173127192391,0.620562938174726,0.7253524812475549,0.0029956001255490353,162,dynamic_main_162_comparisons
dynamic_main,fast_t5_n10,df3,NSGA-II,0.538235306051266,0.6011256334411367,148.0,0.1635957256111319,True,-0.26,0.4873532993832929,0.5891173127192391,0.5377215328315837,0.6645297340506896,0.4907871768333957,162,dynamic_main_162_comparisons
dynamic_main,fast_t5_n10,df3,PPS-DMOEA,0.538235306051266,0.7147178609846765,36.0,9.747975903084569e-06,True,-0.82,0.4873532993832929,0.5891173127192391,0.669965242229222,0.7594704797401309,0.00019495951806169137,162,dynamic_main_162_comparisons
dynamic_main,fast_t5_n10,df4,DNSGA-II-A,0.3232257213900907,0.9312072304948329,0.0,6.79561512817336e-08,True,-1.0,0.3002728812620106,0.3461785615181708,0.869608995258003,0.9928054657316628,1.1008896507640843e-05,162,dynamic_main_162_comparisons
dynamic_main,fast_t5_n10,df4,DNSGA-II-B,0.3232257213900907,0.8843474503015087,0.0,6.79561512817336e-08,True,-1.0,0.3002728812620106,0.3461785615181708,0.8198814477893169,0.9488134528137006,1.1008896507640843e-05,162,dynamic_main_162_comparisons
dynamic_main,fast_t5_n10,df4,KGB-DMOEA,0.3232257213900907,1.0649980147318892,0.0,6.79561512817336e-08,True,-1.0,0.3002728812620106,0.3461785615181708,0.9515470329941549,1.1784489964696234,1.1008896507640843e-05,162,dynamic_main_162_comparisons
dynamic_main,fast_t5_n10,df4,MDDM-DMOEA,0.3232257213900907,0.8093047364568013,0.0,6.79561512817336e-08,True,-1.0,0.3002728812620106,0.3461785615181708,0.7549633401827351,0.8636461327308675,1.1008896507640843e-05,162,dynamic_main_162_comparisons
dynamic_main,fast_t5_n10,df4,NSGA-II,0.3232257213900907,0.9510420158853059,0.0,6.79561512817336e-08,True,-1.0,0.3002728812620106,0.3461785615181708,0.8803028132591648,1.021781218511447,1.1008896507640843e-05,162,dynamic_main_162_comparisons
dynamic_main,fast_t5_n10,df4,PPS-DMOEA,0.3232257213900907,0.8631337913016285,0.0,6.79561512817336e-08,True,-1.0,0.3002728812620106,0.3461785615181708,0.7972973447742,0.928970237829057,1.1008896507640843e-05,162,dynamic_main_162_comparisons
dynamic_main,fast_t5_n10,df5,DNSGA-II-A,0.06714135284516988,0.30626966574579056,0.0,6.79561512817336e-08,True,-1.0,0.06358751133473459,0.07069519435560517,0.28956941140283554,0.3229699200887456,1.1008896507640843e-05,162,dynamic_main_162_comparisons
dynamic_main,fast_t5_n10,df5,DNSGA-II-B,0.06714135284516988,0.28184455706229533,0.0,6.79561512817336e-08,True,-1.0,0.06358751133473459,0.07069519435560517,0.2645651250744335,0.29912398905015714,1.1008896507640843e-05,162,dynamic_main_162_comparisons
dynamic_main,fast_t5_n10,df5,KGB-DMOEA,0.06714135284516988,0.3304845566250409,0.0,6.79561512817336e-08,True,-1.0,0.06358751133473459,0.07069519435560517,0.30749228022538994,0.35347683302469185,1.1008896507640843e-05,162,dynamic_main_162_comparisons
dynamic_main,fast_t5_n10,df5,MDDM-DMOEA,0.06714135284516988,0.23602242257535305,0.0,6.79561512817336e-08,True,-1.0,0.06358751133473459,0.07069519435560517,0.22264570123478267,0.24939914391592344,1.1008896507640843e-05,162,dynamic_main_162_comparisons
dynamic_main,fast_t5_n10,df5,NSGA-II,0.06714135284516988,0.22492122771654394,0.0,6.79561512817336e-08,True,-1.0,0.06358751133473459,0.07069519435560517,0.20489887757851308,0.2449435778545748,1.1008896507640843e-05,162,dynamic_main_162_comparisons
dynamic_main,fast_t5_n10,df5,PPS-DMOEA,0.06714135284516988,0.28351250602665495,0.0,6.79561512817336e-08,True,-1.0,0.06358751133473459,0.07069519435560517,0.2708730670176378,0.2961519450356721,1.1008896507640843e-05,162,dynamic_main_162_comparisons
dynamic_main,fast_t5_n10,df6,DNSGA-II-A,5.091974554532354,9.143925909086825,0.0,6.79561512817336e-08,True,-1.0,4.8135701021653725,5.370379006899335,8.731459680630548,9.556392137543101,1.1008896507640843e-05,162,dynamic_main_162_comparisons
dynamic_main,fast_t5_n10,df6,DNSGA-II-B,5.091974554532354,12.35134776039535,0.0,6.79561512817336e-08,True,-1.0,4.8135701021653725,5.370379006899335,11.432050494500134,13.270645026290568,1.1008896507640843e-05,162,dynamic_main_162_comparisons
dynamic_main,fast_t5_n10,df6,KGB-DMOEA,5.091974554532354,9.400881914725087,0.0,6.79561512817336e-08,True,-1.0,4.8135701021653725,5.370379006899335,8.879277076521154,9.92248675292902,1.1008896507640843e-05,162,dynamic_main_162_comparisons
dynamic_main,fast_t5_n10,df6,MDDM-DMOEA,5.091974554532354,9.114392364280665,0.0,6.79561512817336e-08,True,-1.0,4.8135701021653725,5.370379006899335,8.829874254868693,9.398910473692636,1.1008896507640843e-05,162,dynamic_main_162_comparisons
dynamic_main,fast_t5_n10,df6,NSGA-II,5.091974554532354,9.49747118400846,12.0,3.938805472866588e-07,True,-0.94,4.8135701021653725,5.370379006899335,8.6231179479981,10.371824420018818,1.693686353332633e-05,162,dynamic_main_162_comparisons
dynamic_main,fast_t5_n10,df6,PPS-DMOEA,5.091974554532354,11.322860740200012,0.0,6.79561512817336e-08,True,-1.0,4.8135701021653725,5.370379006899335,10.84980635978982,11.795915120610204,1.1008896507640843e-05,162,dynamic_main_162_comparisons
dynamic_main,fast_t5_n10,df7,DNSGA-II-A,0.23720613225140524,0.303713127328758,77.0,0.0009209133942880077,True,-0.615,0.20435127926647728,0.2700609852363332,0.2845922353402438,0.3228340193172722,0.012892787520032109,162,dynamic_main_162_comparisons
dynamic_main,fast_t5_n10,df7,DNSGA-II-B,0.23720613225140524,0.2861938504637414,102.0,0.008354827335644516,True,-0.49,0.20435127926647728,0.2700609852363332,0.2667076529283946,0.3056800479990882,0.058483791349511614,162,dynamic_main_162_comparisons
dynamic_main,fast_t5_n10,df7,KGB-DMOEA,0.23720613225140524,0.3409466668713596,32.0,5.873574095711031e-06,True,-0.84,0.20435127926647728,0.2700609852363332,0.3267993369840406,0.3550939967586786,0.0001292186301056427,162,dynamic_main_162_comparisons
dynamic_main,fast_t5_n10,df7,MDDM-DMOEA,0.23720613225140524,0.18729254701189083,298.0,0.008354827335644516,False,0.49,0.20435127926647728,0.2700609852363332,0.16897536838734578,0.20560972563643587,0.058483791349511614,162,dynamic_main_162_comparisons
dynamic_main,fast_t5_n10,df7,NSGA-II,0.23720613225140524,0.17001744935147858,323.0,0.0009209133942880077,False,0.615,0.20435127926647728,0.2700609852363332,0.1533285809545496,0.18670631774840757,0.012892787520032109,162,dynamic_main_162_comparisons
dynamic_main,fast_t5_n10,df7,PPS-DMOEA,0.23720613225140524,0.276152044553032,132.0,0.06786818721248442,True,-0.34,0.20435127926647728,0.2700609852363332,0.2565120778170416,0.2957920112890224,0.27147274884993766,162,dynamic_main_162_comparisons
dynamic_main,fast_t5_n10,df8,DNSGA-II-A,0.08254646486275023,0.13753740964829123,0.0,6.79561512817336e-08,True,-1.0,0.08025686969863924,0.08483606002686123,0.13027286201750396,0.1448019572790785,1.1008896507640843e-05,162,dynamic_main_162_comparisons
dynamic_main,fast_t5_n10,df8,DNSGA-II-B,0.08254646486275023,0.12466258675326272,0.0,6.79561512817336e-08,True,-1.0,0.08025686969863924,0.08483606002686123,0.11563551718320048,0.13368965632332497,1.1008896507640843e-05,162,dynamic_main_162_comparisons
dynamic_main,fast_t5_n10,df8,KGB-DMOEA,0.08254646486275023,0.23261299413322484,0.0,6.79561512817336e-08,True,-1.0,0.08025686969863924,0.08483606002686123,0.2187851713200235,0.24644081694642617,1.1008896507640843e-05,162,dynamic_main_162_comparisons
dynamic_main,fast_t5_n10,df8,MDDM-DMOEA,0.08254646486275023,0.11317395570682828,0.0,6.79561512817336e-08,True,-1.0,0.08025686969863924,0.08483606002686123,0.10953769733359686,0.1168102140800597,1.1008896507640843e-05,162,dynamic_main_162_comparisons
dynamic_main,fast_t5_n10,df8,NSGA-II,0.08254646486275023,0.1427291631691722,0.0,6.79561512817336e-08,True,-1.0,0.08025686969863924,0.08483606002686123,0.13688937727905315,0.14856894905929124,1.1008896507640843e-05,162,dynamic_main_162_comparisons
dynamic_main,fast_t5_n10,df8,PPS-DMOEA,0.08254646486275023,0.11820135579091887,0.0,6.79561512817336e-08,True,-1.0,0.08025686969863924,0.08483606002686123,0.11225173238824863,0.1241509791935891,1.1008896507640843e-05,162,dynamic_main_162_comparisons
dynamic_main,fast_t5_n10,df9,DNSGA-II-A,0.3427485396154023,0.6388207092605109,0.0,6.79561512817336e-08,True,-1.0,0.32008908178840306,0.36540799744240154,0.6186119311523459,0.659029487368676,1.1008896507640843e-05,162,dynamic_main_162_comparisons
dynamic_main,fast_t5_n10,df9,DNSGA-II-B,0.3427485396154023,0.7981172436072836,0.0,6.79561512817336e-08,True,-1.0,0.32008908178840306,0.36540799744240154,0.7151502583318141,0.8810842288827532,1.1008896507640843e-05,162,dynamic_main_162_comparisons
dynamic_main,fast_t5_n10,df9,KGB-DMOEA,0.3427485396154023,1.1237372984915937,0.0,6.79561512817336e-08,True,-1.0,0.32008908178840306,0.36540799744240154,1.018185595738159,1.2292890012450284,1.1008896507640843e-05,162,dynamic_main_162_comparisons
dynamic_main,fast_t5_n10,df9,MDDM-DMOEA,0.3427485396154023,0.616743142728297,1.0,7.898033666674663e-08,True,-0.995,0.32008908178840306,0.36540799744240154,0.5707004253147123,0.6627858601418817,1.1008896507640843e-05,162,dynamic_main_162_comparisons
dynamic_main,fast_t5_n10,df9,NSGA-II,0.3427485396154023,0.4801006550248686,30.0,4.540079639937965e-06,True,-0.85,0.32008908178840306,0.36540799744240154,0.4435490547162959,0.5166522553334413,0.00010896191135851115,162,dynamic_main_162_comparisons
dynamic_main,fast_t5_n10,df9,PPS-DMOEA,0.3427485396154023,0.7312641865765352,0.0,6.79561512817336e-08,True,-1.0,0.32008908178840306,0.36540799744240154,0.6703278402767151,0.7922005328763554,1.1008896507640843e-05,162,dynamic_main_162_comparisons
dynamic_main,moderate_t10_n10,df1,DNSGA-II-A,0.08989364308494055,0.19659666067853382,0.0,6.79561512817336e-08,True,-1.0,0.08277753911573081,0.09700974705415029,0.187967986423621,0.20522533493344663,1.1008896507640843e-05,162,dynamic_main_162_comparisons
dynamic_main,moderate_t10_n10,df1,DNSGA-II-B,0.08989364308494055,0.28432908159350617,0.0,6.79561512817336e-08,True,-1.0,0.08277753911573081,0.09700974705415029,0.2690682564357314,0.29958990675128094,1.1008896507640843e-05,162,dynamic_main_162_comparisons
dynamic_main,moderate_t10_n10,df1,KGB-DMOEA,0.08989364308494055,0.18649940871092505,0.0,6.79561512817336e-08,True,-1.0,0.08277753911573081,0.09700974705415029,0.17669156350756038,0.19630725391428971,1.1008896507640843e-05,162,dynamic_main_162_comparisons
dynamic_main,moderate_t10_n10,df1,MDDM-DMOEA,0.08989364308494055,0.2598034574019423,0.0,6.79561512817336e-08,True,-1.0,0.08277753911573081,0.09700974705415029,0.24905166143600846,0.2705552533678761,1.1008896507640843e-05,162,dynamic_main_162_comparisons
dynamic_main,moderate_t10_n10,df1,NSGA-II,0.08989364308494055,0.1085298759651053,85.0,0.0019533482730293822,True,-0.575,0.08277753911573081,0.09700974705415029,0.09995128623491303,0.11710846569529756,0.019606130912559853,162,dynamic_main_162_comparisons
dynamic_main,moderate_t10_n10,df1,PPS-DMOEA,0.08989364308494055,0.28176821674273855,0.0,6.79561512817336e-08,True,-1.0,0.08277753911573081,0.09700974705415029,0.2684426081665702,0.29509382531890693,1.1008896507640843e-05,162,dynamic_main_162_comparisons
dynamic_main,moderate_t10_n10,df2,DNSGA-II-A,0.18404936644808084,0.13408757896799778,391.0,2.562945863395653e-07,False,0.955,0.17452841886381654,0.19357031403234515,0.12751289805134683,0.14066225988464873,1.2558434730638699e-05,162,dynamic_main_162_comparisons
dynamic_main,moderate_t10_n10,df2,DNSGA-II-B,0.18404936644808084,0.30831204658530725,0.0,6.79561512817336e-08,True,-1.0,0.17452841886381654,0.19357031403234515,0.29457844388535753,0.322045649285257,1.1008896507640843e-05,162,dynamic_main_162_comparisons
dynamic_main,moderate_t10_n10,df2,KGB-DMOEA,0.18404936644808084,0.13832962752129546,375.0,2.355659136230732e-06,False,0.875,0.17452841886381654,0.19357031403234515,0.1288254351971172,0.14783381984547372,6.59584558144605e-05,162,dynamic_main_162_comparisons
dynamic_main,moderate_t10_n10,df2,MDDM-DMOEA,0.18404936644808084,0.2918561781200101,0.0,6.79561512817336e-08,True,-1.0,0.17452841886381654,0.19357031403234515,0.27644739672584884,0.3072649595141713,1.1008896507640843e-05,162,dynamic_main_162_comparisons
dynamic_main,moderate_t10_n10,df2,NSGA-II,0.18404936644808084,0.11642670333957879,375.0,2.355659136230732e-06,False,0.875,0.17452841886381654,0.19357031403234515,0.0994006481305303,0.13345275854862726,6.59584558144605e-05,162,dynamic_main_162_comparisons
dynamic_main,moderate_t10_n10,df2,PPS-DMOEA,0.18404936644808084,0.30617483888905916,0.0,6.79561512817336e-08,True,-1.0,0.17452841886381654,0.19357031403234515,0.29033051027455015,0.3220191675035682,1.1008896507640843e-05,162,dynamic_main_162_comparisons
dynamic_main,moderate_t10_n10,df3,DNSGA-II-A,0.2992286287943412,0.655006897569286,13.0,4.538972188186947e-07,True,-0.935,0.24235914036573686,0.35609811722294554,0.5991980315144797,0.7108157636240923,1.8155888752747786e-05,162,dynamic_main_162_comparisons
dynamic_main,moderate_t10_n10,df3,DNSGA-II-B,0.2992286287943412,0.6401197600573775,14.0,5.226885322685757e-07,True,-0.93,0.24235914036573686,0.35609811722294554,0.5819470399493952,0.6982924801653597,2.0384852758474454e-05,162,dynamic_main_162_comparisons
dynamic_main,moderate_t10_n10,df3,KGB-DMOEA,0.2992286287943412,0.5589834784190015,21.0,1.3760616388700263e-06,True,-0.895,0.24235914036573686,0.35609811722294554,0.5325855202545121,0.585381436583491,4.128184916610079e-05,162,dynamic_main_162_comparisons
dynamic_main,moderate_t10_n10,df3,MDDM-DMOEA,0.2992286287943412,0.6084627859911609,21.0,1.3760616388700263e-06,True,-0.895,0.24235914036573686,0.35609811722294554,0.5468923174862109,0.6700332544961108,4.128184916610079e-05,162,dynamic_main_162_comparisons
dynamic_main,moderate_t10_n10,df3,NSGA-II,0.2992286287943412,0.537216357643709,35.0,8.597444817571517e-06,True,-0.825,0.24235914036573686,0.35609811722294554,0.48322851536932593,0.5912041999180921,0.00018054634116900187,162,dynamic_main_162_comparisons
dynamic_main,moderate_t10_n10,df3,PPS-DMOEA,0.2992286287943412,0.6175027243935575,17.0,7.9479479088229e-07,True,-0.915,0.24235914036573686,0.35609811722294554,0.5632143082652871,0.6717911405218279,2.702302288999786e-05,162,dynamic_main_162_comparisons
dynamic_main,moderate_t10_n10,df4,DNSGA-II-A,0.34490396445777605,0.9748770027518248,0.0,6.79561512817336e-08,True,-1.0,0.3219309456184041,0.367876983297148,0.8997714087980084,1.049982596705641,1.1008896507640843e-05,162,dynamic_main_162_comparisons
dynamic_main,moderate_t10_n10,df4,DNSGA-II-B,0.34490396445777605,0.9636638052505297,0.0,6.79561512817336e-08,True,-1.0,0.3219309456184041,0.367876983297148,0.8925088695443243,1.034818740956735,1.1008896507640843e-05,162,dynamic_main_162_comparisons
dynamic_main,moderate_t10_n10,df4,KGB-DMOEA,0.34490396445777605,0.9577020314249332,0.0,6.79561512817336e-08,True,-1.0,0.3219309456184041,0.367876983297148,0.8899419609804747,1.0254621018693917,1.1008896507640843e-05,162,dynamic_main_162_comparisons
dynamic_main,moderate_t10_n10,df4,MDDM-DMOEA,0.34490396445777605,0.8962273412379098,0.0,6.79561512817336e-08,True,-1.0,0.3219309456184041,0.367876983297148,0.8248174827402797,0.96763719973554,1.1008896507640843e-05,162,dynamic_main_162_comparisons
dynamic_main,moderate_t10_n10,df4,NSGA-II,0.34490396445777605,0.9254200098163379,0.0,6.79561512817336e-08,True,-1.0,0.3219309456184041,0.367876983297148,0.837111922374628,1.0137280972580478,1.1008896507640843e-05,162,dynamic_main_162_comparisons
dynamic_main,moderate_t10_n10,df4,PPS-DMOEA,0.34490396445777605,0.9152092663968409,0.0,6.79561512817336e-08,True,-1.0,0.3219309456184041,0.367876983297148,0.8412965914722477,0.989121941321434,1.1008896507640843e-05,162,dynamic_main_162_comparisons
dynamic_main,moderate_t10_n10,df5,DNSGA-II-A,0.06174229807290845,0.2063957312548282,0.0,6.79561512817336e-08,True,-1.0,0.05903126792821166,0.06445332821760524,0.19730926242674712,0.2154822000829093,1.1008896507640843e-05,162,dynamic_main_162_comparisons
dynamic_main,moderate_t10_n10,df5,DNSGA-II-B,0.06174229807290845,0.18998409786268444,0.0,6.79561512817336e-08,True,-1.0,0.05903126792821166,0.06445332821760524,0.18255715273922168,0.1974110429861472,1.1008896507640843e-05,162,dynamic_main_162_comparisons
dynamic_main,moderate_t10_n10,df5,KGB-DMOEA,0.06174229807290845,0.19484306935347434,0.0,6.79561512817336e-08,True,-1.0,0.05903126792821166,0.06445332821760524,0.18899542497289198,0.2006907137340567,1.1008896507640843e-05,162,dynamic_main_162_comparisons
dynamic_main,moderate_t10_n10,df5,MDDM-DMOEA,0.06174229807290845,0.18269047702965463,0.0,6.79561512817336e-08,True,-1.0,0.05903126792821166,0.06445332821760524,0.17459693936831386,0.1907840146909954,1.1008896507640843e-05,162,dynamic_main_162_comparisons
dynamic_main,moderate_t10_n10,df5,NSGA-II,0.06174229807290845,0.15170855884695317,0.0,6.79561512817336e-08,True,-1.0,0.05903126792821166,0.06445332821760524,0.14303148121543877,0.16038563647846757,1.1008896507640843e-05,162,dynamic_main_162_comparisons
dynamic_main,moderate_t10_n10,df5,PPS-DMOEA,0.06174229807290845,0.18932109860427498,0.0,6.79561512817336e-08,True,-1.0,0.05903126792821166,0.06445332821760524,0.18321486884563948,0.1954273283629105,1.1008896507640843e-05,162,dynamic_main_162_comparisons
dynamic_main,moderate_t10_n10,df6,DNSGA-II-A,6.4833052954396155,11.221604611070102,14.0,5.226885322685757e-07,True,-0.93,5.612441684968013,7.354168905911218,10.830140920188471,11.613068301951733,2.0384852758474454e-05,162,dynamic_main_162_comparisons
dynamic_main,moderate_t10_n10,df6,DNSGA-II-B,6.4833052954396155,14.169430634096184,2.0,9.172772711656482e-08,True,-0.99,5.612441684968013,7.354168905911218,12.949794344041997,15.38906692415037,1.1008896507640843e-05,162,dynamic_main_162_comparisons
dynamic_main,moderate_t10_n10,df6,KGB-DMOEA,6.4833052954396155,10.99021761040984,19.0,1.0472741665207472e-06,True,-0.905,5.612441684968013,7.354168905911218,10.458471447272169,11.52196377354751,3.351277332866391e-05,162,dynamic_main_162_comparisons
dynamic_main,moderate_t10_n10,df6,MDDM-DMOEA,6.4833052954396155,11.140160900351182,15.0,6.014797005320149e-07,True,-0.925,5.612441684968013,7.354168905911218,10.668949693649477,11.611372107052887,2.1653269219152536e-05,162,dynamic_main_162_comparisons
dynamic_main,moderate_t10_n10,df6,NSGA-II,6.4833052954396155,8.469482306817124,80.0,0.001227183033996389,True,-0.6,5.612441684968013,7.354168905911218,7.6597057831339335,9.279258830500314,0.014726196407956669,162,dynamic_main_162_comparisons
dynamic_main,moderate_t10_n10,df6,PPS-DMOEA,6.4833052954396155,12.527003515722164,3.0,1.0645689837502488e-07,True,-0.985,5.612441684968013,7.354168905911218,11.897786823245005,13.156220208199324,1.1008896507640843e-05,162,dynamic_main_162_comparisons
dynamic_main,moderate_t10_n10,df7,DNSGA-II-A,0.12585113992689628,0.3077216387997708,7.0,1.9177119523374596e-07,True,-0.965,0.10597454196581688,0.1457277378879757,0.2716034254141323,0.34383985218540936,1.1008896507640843e-05,162,dynamic_main_162_comparisons
dynamic_main,moderate_t10_n10,df7,DNSGA-II-B,0.12585113992689628,0.29313487309122727,7.0,1.9177119523374596e-07,True,-0.965,0.10597454196581688,0.1457277378879757,0.258502800428289,0.32776694575416554,1.1008896507640843e-05,162,dynamic_main_162_comparisons
dynamic_main,moderate_t10_n10,df7,KGB-DMOEA,0.12585113992689628,0.3268905301618465,3.0,1.0645689837502488e-07,True,-0.985,0.10597454196581688,0.1457277378879757,0.29651044825681516,0.3572706120668778,1.1008896507640843e-05,162,dynamic_main_162_comparisons
dynamic_main,moderate_t10_n10,df7,MDDM-DMOEA,0.12585113992689628,0.22048673789468407,46.0,3.293105907732221e-05,True,-0.77,0.10597454196581688,0.1457277378879757,0.17348548840241282,0.2674879873869553,0.0005927590633917998,162,dynamic_main_162_comparisons
dynamic_main,moderate_t10_n10,df7,NSGA-II,0.12585113992689628,0.19473998543798385,36.0,9.747975903084569e-06,True,-0.82,0.10597454196581688,0.1457277378879757,0.1785773356470051,0.2109026352289626,0.00019495951806169137,162,dynamic_main_162_comparisons
dynamic_main,moderate_t10_n10,df7,PPS-DMOEA,0.12585113992689628,0.27994690357125984,10.0,2.959753733675675e-07,True,-0.95,0.10597454196581688,0.1457277378879757,0.24797604459006087,0.31191776255245884,1.302291642817297e-05,162,dynamic_main_162_comparisons
dynamic_main,moderate_t10_n10,df8,DNSGA-II-A,0.061919106329618355,0.10385032243906178,0.0,6.79561512817336e-08,True,-1.0,0.06007761493336988,0.06376059772586683,0.09955303276592833,0.10814761211219523,1.1008896507640843e-05,162,dynamic_main_162_comparisons
dynamic_main,moderate_t10_n10,df8,DNSGA-II-B,0.061919106329618355,0.10122518521839144,0.0,6.79561512817336e-08,True,-1.0,0.06007761493336988,0.06376059772586683,0.09655364280057055,0.10589672763621233,1.1008896507640843e-05,162,dynamic_main_162_comparisons
dynamic_main,moderate_t10_n10,df8,KGB-DMOEA,0.061919106329618355,0.16471042157874732,0.0,6.79561512817336e-08,True,-1.0,0.06007761493336988,0.06376059772586683,0.15396163221177098,0.17545921094572367,1.1008896507640843e-05,162,dynamic_main_162_comparisons
dynamic_main,moderate_t10_n10,df8,MDDM-DMOEA,0.061919106329618355,0.09705817508647113,0.0,6.79561512817336e-08,True,-1.0,0.06007761493336988,0.06376059772586683,0.09374867284266325,0.10036767733027901,1.1008896507640843e-05,162,dynamic_main_162_comparisons
dynamic_main,moderate_t10_n10,df8,NSGA-II,0.061919106329618355,0.14697965007984254,0.0,6.79561512817336e-08,True,-1.0,0.06007761493336988,0.06376059772586683,0.1433164214265689,0.1506428787331162,1.1008896507640843e-05,162,dynamic_main_162_comparisons
dynamic_main,moderate_t10_n10,df8,PPS-DMOEA,0.061919106329618355,0.09912471367320876,0.0,6.79561512817336e-08,True,-1.0,0.06007761493336988,0.06376059772586683,0.09605316941457961,0.1021962579318379,1.1008896507640843e-05,162,dynamic_main_162_comparisons
dynamic_main,moderate_t10_n10,df9,DNSGA-II-A,0.1833059518609252,0.4678551883725525,0.0,6.79561512817336e-08,True,-1.0,0.16931430687237098,0.1972975968494794,0.4382288833438776,0.49748149340122744,1.1008896507640843e-05,162,dynamic_main_162_comparisons
dynamic_main,moderate_t10_n10,df9,DNSGA-II-B,0.1833059518609252,0.48944416690279746,0.0,6.79561512817336e-08,True,-1.0,0.16931430687237098,0.1972975968494794,0.46278530736508966,0.5161030264405052,1.1008896507640843e-05,162,dynamic_main_162_comparisons
dynamic_main,moderate_t10_n10,df9,KGB-DMOEA,0.1833059518609252,0.652657775395895,0.0,6.79561512817336e-08,True,-1.0,0.16931430687237098,0.1972975968494794,0.5827103965731932,0.7226051542185967,1.1008896507640843e-05,162,dynamic_main_162_comparisons
dynamic_main,moderate_t10_n10,df9,MDDM-DMOEA,0.1833059518609252,0.3776076934642951,0.0,6.79561512817336e-08,True,-1.0,0.16931430687237098,0.1972975968494794,0.35564751227407043,0.3995678746545198,1.1008896507640843e-05,162,dynamic_main_162_comparisons
dynamic_main,moderate_t10_n10,df9,NSGA-II,0.1833059518609252,0.3725540948011671,0.0,6.79561512817336e-08,True,-1.0,0.16931430687237098,0.1972975968494794,0.3420785747285069,0.40302961487382727,1.1008896507640843e-05,162,dynamic_main_162_comparisons
dynamic_main,moderate_t10_n10,df9,PPS-DMOEA,0.1833059518609252,0.45302175801133104,0.0,6.79561512817336e-08,True,-1.0,0.16931430687237098,0.1972975968494794,0.4251490884217806,0.48089442760088147,1.1008896507640843e-05,162,dynamic_main_162_comparisons
dynamic_main,severe_t10_n20,df1,DNSGA-II-A,0.07220523468657042,0.13572311518905839,2.0,9.172772711656482e-08,True,-0.99,0.06589390635145381,0.07851656302168702,0.12793056653303816,0.1435156638450786,1.1008896507640843e-05,162,dynamic_main_162_comparisons
dynamic_main,severe_t10_n20,df1,DNSGA-II-B,0.07220523468657042,0.13117103231884547,1.0,7.898033666674663e-08,True,-0.995,0.06589390635145381,0.07851656302168702,0.12369383362873561,0.13864823100895535,1.1008896507640843e-05,162,dynamic_main_162_comparisons
dynamic_main,severe_t10_n20,df1,KGB-DMOEA,0.07220523468657042,0.15654893151226604,0.0,6.79561512817336e-08,True,-1.0,0.06589390635145381,0.07851656302168702,0.14724334413256568,0.1658545188919664,1.1008896507640843e-05,162,dynamic_main_162_comparisons
dynamic_main,severe_t10_n20,df1,MDDM-DMOEA,0.07220523468657042,0.13145782090567662,0.0,6.79561512817336e-08,True,-1.0,0.06589390635145381,0.07851656302168702,0.122469030417168,0.14044661139418524,1.1008896507640843e-05,162,dynamic_main_162_comparisons
dynamic_main,severe_t10_n20,df1,NSGA-II,0.07220523468657042,0.10710180726674197,29.0,3.987358896156635e-06,True,-0.855,0.06589390635145381,0.07851656302168702,0.09791749870887169,0.11628611582461225,9.968397240391588e-05,162,dynamic_main_162_comparisons
dynamic_main,severe_t10_n20,df1,PPS-DMOEA,0.07220523468657042,0.13253099439593946,0.0,6.79561512817336e-08,True,-1.0,0.06589390635145381,0.07851656302168702,0.1242193500428185,0.14084263874906042,1.1008896507640843e-05,162,dynamic_main_162_comparisons
dynamic_main,severe_t10_n20,df2,DNSGA-II-A,0.16877231690031985,0.11328121126396493,383.0,7.9479479088229e-07,False,0.915,0.15917243325680813,0.17837220054383157,0.10391015141907435,0.1226522711088555,2.702302288999786e-05,162,dynamic_main_162_comparisons
dynamic_main,severe_t10_n20,df2,DNSGA-II-B,0.16877231690031985,0.22935594504364237,6.0,1.657079293385879e-07,True,-0.97,0.15917243325680813,0.17837220054383157,0.21980903531845108,0.23890285476883366,1.1008896507640843e-05,162,dynamic_main_162_comparisons
dynamic_main,severe_t10_n20,df2,KGB-DMOEA,0.16877231690031985,0.12309056327013601,375.0,2.355659136230732e-06,False,0.875,0.15917243325680813,0.17837220054383157,0.11243182521830702,0.133749301321965,6.59584558144605e-05,162,dynamic_main_162_comparisons
dynamic_main,severe_t10_n20,df2,MDDM-DMOEA,0.16877231690031985,0.23018120159485872,9.0,2.562945863395653e-07,True,-0.955,0.15917243325680813,0.17837220054383157,0.21880539858228562,0.24155700460743182,1.2558434730638699e-05,162,dynamic_main_162_comparisons
dynamic_main,severe_t10_n20,df2,NSGA-II,0.16877231690031985,0.07497371958041883,400.0,6.79561512817336e-08,False,1.0,0.15917243325680813,0.17837220054383157,0.0681797151712127,0.08176772398962497,1.1008896507640843e-05,162,dynamic_main_162_comparisons
dynamic_main,severe_t10_n20,df2,PPS-DMOEA,0.16877231690031985,0.2362248956648981,4.0,1.2346350154956704e-07,True,-0.98,0.15917243325680813,0.17837220054383157,0.22578472834414542,0.24666506298565077,1.1008896507640843e-05,162,dynamic_main_162_comparisons
dynamic_main,severe_t10_n20,df3,DNSGA-II-A,0.2020179946737183,0.5152200850486597,3.0,1.0645689837502488e-07,True,-0.985,0.16822593568704378,0.23581005366039284,0.45393823960864577,0.5765019304886736,1.1008896507640843e-05,162,dynamic_main_162_comparisons
dynamic_main,severe_t10_n20,df3,DNSGA-II-B,0.2020179946737183,0.5002082919837362,9.0,2.562945863395653e-07,True,-0.955,0.16822593568704378,0.23581005366039284,0.43968575901454626,0.560730824952926,1.2558434730638699e-05,162,dynamic_main_162_comparisons
dynamic_main,severe_t10_n20,df3,KGB-DMOEA,0.2020179946737183,0.43393477774129685,9.0,2.562945863395653e-07,True,-0.955,0.16822593568704378,0.23581005366039284,0.4064015851655588,0.4614679703170349,1.2558434730638699e-05,162,dynamic_main_162_comparisons
dynamic_main,severe_t10_n20,df3,MDDM-DMOEA,0.2020179946737183,0.48371425902099247,7.0,1.9177119523374596e-07,True,-0.965,0.16822593568704378,0.23581005366039284,0.4352390153535114,0.5321895026884735,1.1008896507640843e-05,162,dynamic_main_162_comparisons
dynamic_main,severe_t10_n20,df3,NSGA-II,0.2020179946737183,0.4703019321988746,8.0,2.2177643300922434e-07,True,-0.96,0.16822593568704378,0.23581005366039284,0.4280568573989635,0.5125470069987857,1.1088821650461217e-05,162,dynamic_main_162_comparisons
dynamic_main,severe_t10_n20,df3,PPS-DMOEA,0.2020179946737183,0.5009887439148019,7.0,1.9177119523374596e-07,True,-0.965,0.16822593568704378,0.23581005366039284,0.4513414467201381,0.5506360411094656,1.1008896507640843e-05,162,dynamic_main_162_comparisons
dynamic_main,severe_t10_n20,df4,DNSGA-II-A,0.2967115016143948,0.9318450492859757,0.0,6.79561512817336e-08,True,-1.0,0.27328280724601955,0.32014019598277005,0.8566873049491448,1.0070027936228065,1.1008896507640843e-05,162,dynamic_main_162_comparisons
dynamic_main,severe_t10_n20,df4,DNSGA-II-B,0.2967115016143948,0.9210681074075273,0.0,6.79561512817336e-08,True,-1.0,0.27328280724601955,0.32014019598277005,0.8457451173214235,0.9963910974936311,1.1008896507640843e-05,162,dynamic_main_162_comparisons
dynamic_main,severe_t10_n20,df4,KGB-DMOEA,0.2967115016143948,0.9459853844326622,0.0,6.79561512817336e-08,True,-1.0,0.27328280724601955,0.32014019598277005,0.8721163344888758,1.0198544343764486,1.1008896507640843e-05,162,dynamic_main_162_comparisons
dynamic_main,severe_t10_n20,df4,MDDM-DMOEA,0.2967115016143948,0.8597863176670806,0.0,6.79561512817336e-08,True,-1.0,0.27328280724601955,0.32014019598277005,0.7839582038996691,0.9356144314344921,1.1008896507640843e-05,162,dynamic_main_162_comparisons
dynamic_main,severe_t10_n20,df4,NSGA-II,0.2967115016143948,0.9113062528384586,0.0,6.79561512817336e-08,True,-1.0,0.27328280724601955,0.32014019598277005,0.8276727215593425,0.9949397841175747,1.1008896507640843e-05,162,dynamic_main_162_comparisons
dynamic_main,severe_t10_n20,df4,PPS-DMOEA,0.2967115016143948,0.8683863986601864,0.0,6.79561512817336e-08,True,-1.0,0.27328280724601955,0.32014019598277005,0.7956351258753473,0.9411376714450255,1.1008896507640843e-05,162,dynamic_main_162_comparisons
dynamic_main,severe_t10_n20,df5,DNSGA-II-A,0.04765918263551763,0.1369405170503881,0.0,6.79561512817336e-08,True,-1.0,0.04549568795717497,0.049822677313860295,0.12983556815254188,0.1440454659482343,1.1008896507640843e-05,162,dynamic_main_162_comparisons
dynamic_main,severe_t10_n20,df5,DNSGA-II-B,0.04765918263551763,0.13122722089106534,0.0,6.79561512817336e-08,True,-1.0,0.04549568795717497,0.049822677313860295,0.12394663503319706,0.13850780674893362,1.1008896507640843e-05,162,dynamic_main_162_comparisons
dynamic_main,severe_t10_n20,df5,KGB-DMOEA,0.04765918263551763,0.1720353542832061,0.0,6.79561512817336e-08,True,-1.0,0.04549568795717497,0.049822677313860295,0.1618020591344743,0.1822686494319379,1.1008896507640843e-05,162,dynamic_main_162_comparisons
dynamic_main,severe_t10_n20,df5,MDDM-DMOEA,0.04765918263551763,0.12679433627964867,0.0,6.79561512817336e-08,True,-1.0,0.04549568795717497,0.049822677313860295,0.12105713418334547,0.13253153837595186,1.1008896507640843e-05,162,dynamic_main_162_comparisons
dynamic_main,severe_t10_n20,df5,NSGA-II,0.04765918263551763,0.12301405354616284,0.0,6.79561512817336e-08,True,-1.0,0.04549568795717497,0.049822677313860295,0.11593751375866403,0.13009059333366163,1.1008896507640843e-05,162,dynamic_main_162_comparisons
dynamic_main,severe_t10_n20,df5,PPS-DMOEA,0.04765918263551763,0.1290080690214055,0.0,6.79561512817336e-08,True,-1.0,0.04549568795717497,0.049822677313860295,0.12304434181013413,0.13497179623267685,1.1008896507640843e-05,162,dynamic_main_162_comparisons
dynamic_main,severe_t10_n20,df6,DNSGA-II-A,6.225271664794615,8.167505858724379,93.0,0.003966238640223918,True,-0.535,4.682891145358134,7.767652184231096,7.677790129912107,8.65722158753665,0.03569614776201526,162,dynamic_main_162_comparisons
dynamic_main,severe_t10_n20,df6,DNSGA-II-B,6.225271664794615,8.445695835233318,84.0,0.001782375537505441,True,-0.58,4.682891145358134,7.767652184231096,7.8072467320906735,9.084144938375962,0.019606130912559853,162,dynamic_main_162_comparisons
dynamic_main,severe_t10_n20,df6,KGB-DMOEA,6.225271664794615,10.217823516363461,56.0,0.00010373400726161331,True,-0.72,4.682891145358134,7.767652184231096,9.635670376614744,10.799976656112179,0.001659744116185813,162,dynamic_main_162_comparisons
dynamic_main,severe_t10_n20,df6,MDDM-DMOEA,6.225271664794615,7.899988073244538,102.0,0.008354827335644516,True,-0.49,4.682891145358134,7.767652184231096,7.196418061587653,8.603558084901422,0.058483791349511614,162,dynamic_main_162_comparisons
dynamic_main,severe_t10_n20,df6,NSGA-II,6.225271664794615,5.983977032271826,161.0,0.29767675447218034,False,-0.195,4.682891145358134,7.767652184231096,5.350809008840901,6.617145055702752,0.5953535089443607,162,dynamic_main_162_comparisons
dynamic_main,severe_t10_n20,df6,PPS-DMOEA,6.225271664794615,7.819683981304609,100.0,0.007113494035772574,True,-0.5,4.682891145358134,7.767652184231096,7.241172379993901,8.398195582615315,0.05690795228618059,162,dynamic_main_162_comparisons
dynamic_main,severe_t10_n20,df7,DNSGA-II-A,0.12946722200764277,0.32764819709609433,12.0,3.938805472866588e-07,True,-0.94,0.10265880677258951,0.15627563724269602,0.29047488700775126,0.3648215071844374,1.693686353332633e-05,162,dynamic_main_162_comparisons
dynamic_main,severe_t10_n20,df7,DNSGA-II-B,0.12946722200764277,0.31068035406698613,14.0,5.226885322685757e-07,True,-0.93,0.10265880677258951,0.15627563724269602,0.27500221532421965,0.3463584928097526,2.0384852758474454e-05,162,dynamic_main_162_comparisons
dynamic_main,severe_t10_n20,df7,KGB-DMOEA,0.12946722200764277,0.35063017735017715,12.0,3.938805472866588e-07,True,-0.94,0.10265880677258951,0.15627563724269602,0.31724912907158126,0.38401122562877305,1.693686353332633e-05,162,dynamic_main_162_comparisons
dynamic_main,severe_t10_n20,df7,MDDM-DMOEA,0.12946722200764277,0.21869741545850174,49.0,4.6804032386338485e-05,True,-0.755,0.10265880677258951,0.15627563724269602,0.17356374561372806,0.2638310853032754,0.0007956685505677543,162,dynamic_main_162_comparisons
dynamic_main,severe_t10_n20,df7,NSGA-II,0.12946722200764277,0.23043968277797391,20.0,1.2008881938423432e-06,True,-0.9,0.10265880677258951,0.15627563724269602,0.20758571164872022,0.25329365390722763,3.722753400911264e-05,162,dynamic_main_162_comparisons
dynamic_main,severe_t10_n20,df7,PPS-DMOEA,0.12946722200764277,0.2831387419463593,16.0,6.916583488077116e-07,True,-0.92,0.10265880677258951,0.15627563724269602,0.24881093317966094,0.3174665507130577,2.420804220826991e-05,162,dynamic_main_162_comparisons
dynamic_main,severe_t10_n20,df8,DNSGA-II-A,0.030875619525039068,0.0786532360824905,0.0,6.79561512817336e-08,True,-1.0,0.02950716294661958,0.03224407610345856,0.07448050765943555,0.08282596450554545,1.1008896507640843e-05,162,dynamic_main_162_comparisons
dynamic_main,severe_t10_n20,df8,DNSGA-II-B,0.030875619525039068,0.0740970642740892,0.0,6.79561512817336e-08,True,-1.0,0.02950716294661958,0.03224407610345856,0.07050523756904963,0.07768889097912877,1.1008896507640843e-05,162,dynamic_main_162_comparisons
dynamic_main,severe_t10_n20,df8,KGB-DMOEA,0.030875619525039068,0.11474876518723835,0.0,6.79561512817336e-08,True,-1.0,0.02950716294661958,0.03224407610345856,0.1088189774654272,0.12067855290904951,1.1008896507640843e-05,162,dynamic_main_162_comparisons
dynamic_main,severe_t10_n20,df8,MDDM-DMOEA,0.030875619525039068,0.07131602476084342,0.0,6.79561512817336e-08,True,-1.0,0.02950716294661958,0.03224407610345856,0.06813573442712775,0.07449631509455909,1.1008896507640843e-05,162,dynamic_main_162_comparisons
dynamic_main,severe_t10_n20,df8,NSGA-II,0.030875619525039068,0.07593571685233091,0.0,6.79561512817336e-08,True,-1.0,0.02950716294661958,0.03224407610345856,0.07239186803943769,0.07947956566522414,1.1008896507640843e-05,162,dynamic_main_162_comparisons
dynamic_main,severe_t10_n20,df8,PPS-DMOEA,0.030875619525039068,0.07225341208953172,0.0,6.79561512817336e-08,True,-1.0,0.02950716294661958,0.03224407610345856,0.06919625550816595,0.07531056867089748,1.1008896507640843e-05,162,dynamic_main_162_comparisons
dynamic_main,severe_t10_n20,df9,DNSGA-II-A,0.12099542806948956,0.3415181121111176,0.0,6.79561512817336e-08,True,-1.0,0.11258430226374279,0.12940655387523634,0.3162454180718707,0.3667908061503645,1.1008896507640843e-05,162,dynamic_main_162_comparisons
dynamic_main,severe_t10_n20,df9,DNSGA-II-B,0.12099542806948956,0.3495189958967196,0.0,6.79561512817336e-08,True,-1.0,0.11258430226374279,0.12940655387523634,0.3214631103934048,0.37757488140003437,1.1008896507640843e-05,162,dynamic_main_162_comparisons
dynamic_main,severe_t10_n20,df9,KGB-DMOEA,0.12099542806948956,0.41097452917086963,0.0,6.79561512817336e-08,True,-1.0,0.11258430226374279,0.12940655387523634,0.387420437871923,0.4345286204698163,1.1008896507640843e-05,162,dynamic_main_162_comparisons
dynamic_main,severe_t10_n20,df9,MDDM-DMOEA,0.12099542806948956,0.2684604352551616,0.0,6.79561512817336e-08,True,-1.0,0.11258430226374279,0.12940655387523634,0.25206758276710794,0.2848532877432153,1.1008896507640843e-05,162,dynamic_main_162_comparisons
dynamic_main,severe_t10_n20,df9,NSGA-II,0.12099542806948956,0.2974604923818262,0.0,6.79561512817336e-08,True,-1.0,0.11258430226374279,0.12940655387523634,0.276240808150467,0.31868017661318543,1.1008896507640843e-05,162,dynamic_main_162_comparisons
dynamic_main,severe_t10_n20,df9,PPS-DMOEA,0.12099542806948956,0.3100165060401205,0.0,6.79561512817336e-08,True,-1.0,0.11258430226374279,0.12940655387523634,0.28874340678361554,0.33128960529662543,1.1008896507640843e-05,162,dynamic_main_162_comparisons
