protocol,problem,parameter,value,lambda_1,stagnation_limit,seed,migd,tail_igd,n_evals,pitstop_count,redeployment_count,environment_change_count,change_response_count,replaced_count,runtime_sec
moderate_t10_n10,df1,lambda_1,0.05,0.05,8,0,0.100150165228463,0.02373621313273577,12196,4,6,6,6,48,1.4534261000007973
moderate_t10_n10,df1,lambda_1,0.05,0.05,8,1,0.07288183911372523,0.023013429548487178,12208,5,6,6,6,48,1.4629081999992195
moderate_t10_n10,df1,lambda_1,0.05,0.05,8,2,0.08493693589728685,0.020256709004226863,12196,4,6,6,6,48,1.4502576000013505
moderate_t10_n10,df1,lambda_1,0.05,0.05,8,3,0.08865596134251338,0.024989556677335205,12208,5,6,6,6,48,1.448817099997541
moderate_t10_n10,df1,lambda_1,0.05,0.05,8,4,0.10465862140761768,0.01971124141138913,12184,3,6,6,6,48,0.9643302000004041
moderate_t10_n10,df1,lambda_1,0.05,0.05,8,5,0.11105040129226337,0.021071291848389885,12208,5,6,6,6,48,0.9565346999988833
moderate_t10_n10,df1,lambda_1,0.05,0.05,8,6,0.08594077006849947,0.02117100060405569,12196,4,6,6,6,48,0.9795579999990878
moderate_t10_n10,df1,lambda_1,0.05,0.05,8,7,0.06446839370235793,0.022054898276489404,12220,6,6,6,6,48,0.9660713999983273
moderate_t10_n10,df1,lambda_1,0.05,0.05,8,8,0.07919593551554686,0.024578488159399677,12208,5,6,6,6,48,0.9524409000005107
moderate_t10_n10,df1,lambda_1,0.05,0.05,8,9,0.08507764495553034,0.023433104992707683,12196,4,6,6,6,48,0.9686585999988893
moderate_t10_n10,df4,lambda_1,0.05,0.05,8,0,0.3924327160413155,0.18010602900093942,12220,6,6,6,6,48,0.996912099999463
moderate_t10_n10,df4,lambda_1,0.05,0.05,8,1,0.41909333645405383,0.1858944021514469,12208,5,6,6,6,48,0.9967436999977508
moderate_t10_n10,df4,lambda_1,0.05,0.05,8,2,0.43637305510906205,0.18513441600398733,12220,6,6,6,6,48,1.0094958999980008
moderate_t10_n10,df4,lambda_1,0.05,0.05,8,3,0.42544439804580414,0.1837447754004222,12220,6,6,6,6,48,1.0069816000032006
moderate_t10_n10,df4,lambda_1,0.05,0.05,8,4,0.3695892181945567,0.1814167114538882,12208,5,6,6,6,48,0.9955659000006563
moderate_t10_n10,df4,lambda_1,0.05,0.05,8,5,0.36422786111996236,0.18198276021930265,12208,5,6,6,6,48,0.9923650999990059
moderate_t10_n10,df4,lambda_1,0.05,0.05,8,6,0.38932885953963486,0.18409677311592998,12220,6,6,6,6,48,1.0177086000003328
moderate_t10_n10,df4,lambda_1,0.05,0.05,8,7,0.5455845809047223,0.1828707365951867,12220,6,6,6,6,48,1.0284413999979733
moderate_t10_n10,df4,lambda_1,0.05,0.05,8,8,0.32019723485264007,0.17964053608268538,12220,6,6,6,6,48,1.0194984000008844
moderate_t10_n10,df4,lambda_1,0.05,0.05,8,9,0.32643816079390475,0.18285564914816851,12196,4,6,6,6,48,1.0446097999993071
moderate_t10_n10,df7,lambda_1,0.05,0.05,8,0,0.10757215286028457,0.016574674555312592,12220,6,6,6,6,48,1.0358341999999539
moderate_t10_n10,df7,lambda_1,0.05,0.05,8,1,0.09366488544256882,0.01337873806974211,12196,4,6,6,6,48,1.0247156000004907
moderate_t10_n10,df7,lambda_1,0.05,0.05,8,2,0.08632235404540115,0.01571951006325127,12196,4,6,6,6,48,1.076708000000508
moderate_t10_n10,df7,lambda_1,0.05,0.05,8,3,0.1058784139560018,0.015752135156358815,12220,6,6,6,6,48,1.0690658000021358
moderate_t10_n10,df7,lambda_1,0.05,0.05,8,4,0.1000501784144819,0.013675960845148088,12220,6,6,6,6,48,1.0362993000017013
moderate_t10_n10,df7,lambda_1,0.05,0.05,8,5,0.13775512788191965,0.014332554315496557,12208,5,6,6,6,48,1.0117385999983526
moderate_t10_n10,df7,lambda_1,0.05,0.05,8,6,0.09520758463117317,0.014127505493035656,12196,4,6,6,6,48,1.000435900001321
moderate_t10_n10,df7,lambda_1,0.05,0.05,8,7,0.1011225785176894,0.013398526438008656,12220,6,6,6,6,48,0.9753353999985848
moderate_t10_n10,df7,lambda_1,0.05,0.05,8,8,0.13587121174095854,0.014725015715288134,12208,5,6,6,6,48,0.9763770999998087
moderate_t10_n10,df7,lambda_1,0.05,0.05,8,9,0.13787086767369983,0.01517983082287882,12208,5,6,6,6,48,0.9839419999989332
moderate_t10_n10,df9,lambda_1,0.05,0.05,8,0,0.15918829923929817,0.19576301158913303,12208,5,6,6,6,48,1.0811823000003642
moderate_t10_n10,df9,lambda_1,0.05,0.05,8,1,0.23694943106006416,0.26276981096134616,12220,6,6,6,6,48,1.092222999999649
moderate_t10_n10,df9,lambda_1,0.05,0.05,8,2,0.15519773322909944,0.16605518819135784,12220,6,6,6,6,48,1.0886794999969425
moderate_t10_n10,df9,lambda_1,0.05,0.05,8,3,0.20497082100156377,0.18532545637841158,12220,6,6,6,6,48,1.0924655000017083
moderate_t10_n10,df9,lambda_1,0.05,0.05,8,4,0.20829980705372347,0.20983727352551923,12208,5,6,6,6,48,1.0856988000014098
moderate_t10_n10,df9,lambda_1,0.05,0.05,8,5,0.1923802568432638,0.16231672581123094,12220,6,6,6,6,48,1.0809597999977996
moderate_t10_n10,df9,lambda_1,0.05,0.05,8,6,0.1720005806929969,0.10621468425508356,12220,6,6,6,6,48,1.1126810999994632
moderate_t10_n10,df9,lambda_1,0.05,0.05,8,7,0.16581661280560345,0.11306169962954624,12220,6,6,6,6,48,1.114851099999214
moderate_t10_n10,df9,lambda_1,0.05,0.05,8,8,0.16754167334604833,0.13032702518358047,12220,6,6,6,6,48,1.09914519999802
moderate_t10_n10,df9,lambda_1,0.05,0.05,8,9,0.19240046203740002,0.13498712506570626,12220,6,6,6,6,48,1.0978044999974372
moderate_t10_n10,df1,lambda_1,0.08,0.08,8,0,0.0830731425068188,0.01876057384871092,12220,6,6,6,6,48,0.9763797000014165
moderate_t10_n10,df1,lambda_1,0.08,0.08,8,1,0.07714093648717525,0.022186555414945977,12196,4,6,6,6,48,0.9616096999998263
moderate_t10_n10,df1,lambda_1,0.08,0.08,8,2,0.07941942348082656,0.021224430377883668,12208,5,6,6,6,48,0.970202500000596
moderate_t10_n10,df1,lambda_1,0.08,0.08,8,3,0.08954044396376613,0.019939004581323267,12208,5,6,6,6,48,0.9719124000002921
moderate_t10_n10,df1,lambda_1,0.08,0.08,8,4,0.11424305429991449,0.024604936905140706,12196,4,6,6,6,48,0.967813200000819
moderate_t10_n10,df1,lambda_1,0.08,0.08,8,5,0.07922626675096768,0.01866101866291891,12196,4,6,6,6,48,0.9720049999996263
moderate_t10_n10,df1,lambda_1,0.08,0.08,8,6,0.08109433050690376,0.027815760368404895,12208,5,6,6,6,48,0.9729265999994823
moderate_t10_n10,df1,lambda_1,0.08,0.08,8,7,0.056571256783874896,0.015267629109970943,12196,4,6,6,6,48,0.97472370000105
moderate_t10_n10,df1,lambda_1,0.08,0.08,8,8,0.09452146671695077,0.02190683239846591,12208,5,6,6,6,48,0.969184800000221
moderate_t10_n10,df1,lambda_1,0.08,0.08,8,9,0.0827976383643692,0.01435845995783594,12208,5,6,6,6,48,0.9829118000016024
moderate_t10_n10,df4,lambda_1,0.08,0.08,8,0,0.4344072863387033,0.18518437135677926,12220,6,6,6,6,48,1.049204999999347
moderate_t10_n10,df4,lambda_1,0.08,0.08,8,1,0.33035428230446,0.18394103710466408,12208,5,6,6,6,48,1.0171477000003506
moderate_t10_n10,df4,lambda_1,0.08,0.08,8,2,0.37078225238387114,0.18027340841564854,12208,5,6,6,6,48,0.9802319000009447
moderate_t10_n10,df4,lambda_1,0.08,0.08,8,3,0.4042013511835283,0.17927367029162505,12220,6,6,6,6,48,1.0003111999976682
moderate_t10_n10,df4,lambda_1,0.08,0.08,8,4,0.4320751310915586,0.17609269874979824,12196,4,6,6,6,48,0.9991721000005782
moderate_t10_n10,df4,lambda_1,0.08,0.08,8,5,0.37682475794487436,0.17835424725128418,12220,6,6,6,6,48,1.0017190999969898
moderate_t10_n10,df4,lambda_1,0.08,0.08,8,6,0.421884268041163,0.179604110909143,12220,6,6,6,6,48,1.000735400000849
moderate_t10_n10,df4,lambda_1,0.08,0.08,8,7,0.3904633118698305,0.18110783257799107,12220,6,6,6,6,48,1.0009004999992612
moderate_t10_n10,df4,lambda_1,0.08,0.08,8,8,0.29689545574381054,0.18006269388919138,12220,6,6,6,6,48,0.9852516999999352
moderate_t10_n10,df4,lambda_1,0.08,0.08,8,9,0.2936599889109374,0.17774806562427262,12208,5,6,6,6,48,1.0039858000018285
moderate_t10_n10,df7,lambda_1,0.08,0.08,8,0,0.11362524642308079,0.012313291027529021,12196,4,6,6,6,48,0.9801818000014464
moderate_t10_n10,df7,lambda_1,0.08,0.08,8,1,0.07591369127185531,0.012401540211914027,12196,4,6,6,6,48,0.9751875000001746
moderate_t10_n10,df7,lambda_1,0.08,0.08,8,2,0.1227671844028768,0.012137547045312317,12208,5,6,6,6,48,0.9432868000003509
moderate_t10_n10,df7,lambda_1,0.08,0.08,8,3,0.09699849150600227,0.01263669799685532,12196,4,6,6,6,48,0.9570951999994577
moderate_t10_n10,df7,lambda_1,0.08,0.08,8,4,0.09076828448867506,0.013311960587839644,12208,5,6,6,6,48,0.9929388999989897
moderate_t10_n10,df7,lambda_1,0.08,0.08,8,5,0.10451700764021224,0.014219026664422141,12196,4,6,6,6,48,0.972123499999725
moderate_t10_n10,df7,lambda_1,0.08,0.08,8,6,0.09456896716609965,0.013851283120043023,12196,4,6,6,6,48,0.9603010999999242
moderate_t10_n10,df7,lambda_1,0.08,0.08,8,7,0.10648891036202339,0.012632521466265917,12220,6,6,6,6,48,0.9677671000026749
moderate_t10_n10,df7,lambda_1,0.08,0.08,8,8,0.16785434352957743,0.013145099435615959,12208,5,6,6,6,48,0.9549366000028385
moderate_t10_n10,df7,lambda_1,0.08,0.08,8,9,0.16155041590747624,0.013221156154656999,12208,5,6,6,6,48,0.9629533000006631
moderate_t10_n10,df9,lambda_1,0.08,0.08,8,0,0.16652794064657875,0.15983260344173583,12220,6,6,6,6,48,1.1043523999978788
moderate_t10_n10,df9,lambda_1,0.08,0.08,8,1,0.16513128389725126,0.10796493635394973,12220,6,6,6,6,48,1.0855295000001206
moderate_t10_n10,df9,lambda_1,0.08,0.08,8,2,0.1774516571579555,0.23842622859763035,12220,6,6,6,6,48,1.0768097000000125
moderate_t10_n10,df9,lambda_1,0.08,0.08,8,3,0.1641119773630775,0.15430097893982989,12220,6,6,6,6,48,1.0785753999989538
moderate_t10_n10,df9,lambda_1,0.08,0.08,8,4,0.15783503865162654,0.10838476441763781,12208,5,6,6,6,48,1.0846361000003526
moderate_t10_n10,df9,lambda_1,0.08,0.08,8,5,0.17140580872203387,0.13327387936686738,12220,6,6,6,6,48,1.0882280000005267
moderate_t10_n10,df9,lambda_1,0.08,0.08,8,6,0.18578359691788784,0.11267316750848941,12220,6,6,6,6,48,1.0788553999991564
moderate_t10_n10,df9,lambda_1,0.08,0.08,8,7,0.1628237403695399,0.12497464601378616,12220,6,6,6,6,48,1.0880694999978004
moderate_t10_n10,df9,lambda_1,0.08,0.08,8,8,0.1840169826545844,0.154725419844768,12220,6,6,6,6,48,1.1026449000019056
moderate_t10_n10,df9,lambda_1,0.08,0.08,8,9,0.17790533988776056,0.14306972739958518,12220,6,6,6,6,48,1.105073299997457
moderate_t10_n10,df1,lambda_1,0.1,0.1,8,0,0.0920571252856353,0.019127951029284204,12208,5,6,6,6,48,0.943569999999454
moderate_t10_n10,df1,lambda_1,0.1,0.1,8,1,0.07736724067124552,0.02074042226538963,12208,5,6,6,6,48,0.9718987999985984
moderate_t10_n10,df1,lambda_1,0.1,0.1,8,2,0.07707604966090992,0.01797440074495778,12208,5,6,6,6,48,0.9686231000014232
moderate_t10_n10,df1,lambda_1,0.1,0.1,8,3,0.0967676368424986,0.0293359570554274,12208,5,6,6,6,48,0.981892699997843
moderate_t10_n10,df1,lambda_1,0.1,0.1,8,4,0.10066722839643284,0.01794237840463859,12196,4,6,6,6,48,0.9681276999981492
moderate_t10_n10,df1,lambda_1,0.1,0.1,8,5,0.10833765593596668,0.02148523712631347,12220,6,6,6,6,48,0.9551687999992282
moderate_t10_n10,df1,lambda_1,0.1,0.1,8,6,0.08969457383596463,0.028902750720069488,12184,3,6,6,6,48,0.9566086999984691
moderate_t10_n10,df1,lambda_1,0.1,0.1,8,7,0.06874513637413655,0.024911140858608516,12208,5,6,6,6,48,0.9799281999985396
moderate_t10_n10,df1,lambda_1,0.1,0.1,8,8,0.08641858625488201,0.021069413964410654,12196,4,6,6,6,48,0.9559910999996646
moderate_t10_n10,df1,lambda_1,0.1,0.1,8,9,0.10597010044823889,0.020736491006189538,12208,5,6,6,6,48,0.9619989000020723
moderate_t10_n10,df4,lambda_1,0.1,0.1,8,0,0.32660881210430337,0.18260826326221646,12208,5,6,6,6,48,0.9945464999982505
moderate_t10_n10,df4,lambda_1,0.1,0.1,8,1,0.2903491113218087,0.1801945920112091,12208,5,6,6,6,48,1.0135922000008577
moderate_t10_n10,df4,lambda_1,0.1,0.1,8,2,0.3244323814317435,0.1803429852990874,12220,6,6,6,6,48,1.023060900002747
moderate_t10_n10,df4,lambda_1,0.1,0.1,8,3,0.3143930528180297,0.18433817611823272,12220,6,6,6,6,48,1.0283429999981308
moderate_t10_n10,df4,lambda_1,0.1,0.1,8,4,0.45594323251685653,0.17924365464957726,12208,5,6,6,6,48,0.9992990999999165
moderate_t10_n10,df4,lambda_1,0.1,0.1,8,5,0.36165585643176734,0.1811905719475189,12220,6,6,6,6,48,0.9930686000006972
moderate_t10_n10,df4,lambda_1,0.1,0.1,8,6,0.3582412480738528,0.18004819166086122,12196,4,6,6,6,48,1.0068546000002243
moderate_t10_n10,df4,lambda_1,0.1,0.1,8,7,0.41926594680585627,0.17864879951153284,12208,5,6,6,6,48,1.0074636999997892
moderate_t10_n10,df4,lambda_1,0.1,0.1,8,8,0.2902537660430356,0.17968522217804256,12220,6,6,6,6,48,0.9960190999991028
moderate_t10_n10,df4,lambda_1,0.1,0.1,8,9,0.30782859498855747,0.1788642775795706,12196,4,6,6,6,48,0.9937680000002729
moderate_t10_n10,df7,lambda_1,0.1,0.1,8,0,0.10865085867890531,0.01367468488126081,12208,5,6,6,6,48,0.9507593999987876
moderate_t10_n10,df7,lambda_1,0.1,0.1,8,1,0.07259989088909395,0.013219456877278468,12208,5,6,6,6,48,0.95847479999793
moderate_t10_n10,df7,lambda_1,0.1,0.1,8,2,0.09466509527212968,0.012524258140278171,12220,6,6,6,6,48,0.9629180999982054
moderate_t10_n10,df7,lambda_1,0.1,0.1,8,3,0.1410110203366864,0.012899018287743794,12196,4,6,6,6,48,0.9535090999997919
moderate_t10_n10,df7,lambda_1,0.1,0.1,8,4,0.1337116296478565,0.013336238269604676,12208,5,6,6,6,48,0.9386416999986977
moderate_t10_n10,df7,lambda_1,0.1,0.1,8,5,0.1271615512063277,0.012338336377596645,12208,5,6,6,6,48,0.9273795999979484
moderate_t10_n10,df7,lambda_1,0.1,0.1,8,6,0.12102724153194219,0.012935824502931353,12220,6,6,6,6,48,0.9200110999991011
moderate_t10_n10,df7,lambda_1,0.1,0.1,8,7,0.11099405299998,0.013360198015589292,12208,5,6,6,6,48,0.9332603999973799
moderate_t10_n10,df7,lambda_1,0.1,0.1,8,8,0.2591489658198732,0.012873934553123028,12220,6,6,6,6,48,0.9621936000003188
moderate_t10_n10,df7,lambda_1,0.1,0.1,8,9,0.12934599531767596,0.014415703292588563,12196,4,6,6,6,48,0.9499457999991137
moderate_t10_n10,df9,lambda_1,0.1,0.1,8,0,0.19436097720846715,0.17013111675456166,12208,5,6,6,6,48,1.1099732000002405
moderate_t10_n10,df9,lambda_1,0.1,0.1,8,1,0.23548465644179647,0.2561633015926808,12220,6,6,6,6,48,1.0947331999996095
moderate_t10_n10,df9,lambda_1,0.1,0.1,8,2,0.134226993503615,0.14798238235273237,12220,6,6,6,6,48,1.0755668000019796
moderate_t10_n10,df9,lambda_1,0.1,0.1,8,3,0.1424197113093295,0.09477898958789885,12220,6,6,6,6,48,1.080455699997401
moderate_t10_n10,df9,lambda_1,0.1,0.1,8,4,0.1687275172701382,0.11069164183180202,12220,6,6,6,6,48,1.0726265999983298
moderate_t10_n10,df9,lambda_1,0.1,0.1,8,5,0.18249455066091783,0.1318813930032277,12220,6,6,6,6,48,1.0498803000009502
moderate_t10_n10,df9,lambda_1,0.1,0.1,8,6,0.16558831868749888,0.11182132226627342,12208,5,6,6,6,48,1.0772873999994772
moderate_t10_n10,df9,lambda_1,0.1,0.1,8,7,0.18636970610589404,0.10586434349928417,12220,6,6,6,6,48,1.0921906000003219
moderate_t10_n10,df9,lambda_1,0.1,0.1,8,8,0.18735511544478928,0.17039130098972335,12220,6,6,6,6,48,1.0867390999992494
moderate_t10_n10,df9,lambda_1,0.1,0.1,8,9,0.14335467262378657,0.09813001817218567,12220,6,6,6,6,48,1.068738799996936
moderate_t10_n10,df1,lambda_1,0.12,0.12,8,0,0.09308865633666157,0.022537638817784714,12196,4,6,6,6,48,0.9620310999998765
moderate_t10_n10,df1,lambda_1,0.12,0.12,8,1,0.10537431940203845,0.020561685271831987,12196,4,6,6,6,48,0.9695577999991656
moderate_t10_n10,df1,lambda_1,0.12,0.12,8,2,0.08034508130730453,0.014985261072058133,12220,6,6,6,6,48,0.9669876000007207
moderate_t10_n10,df1,lambda_1,0.12,0.12,8,3,0.08668264011238244,0.021390711317377638,12220,6,6,6,6,48,0.9776844000007259
moderate_t10_n10,df1,lambda_1,0.12,0.12,8,4,0.10899891250516654,0.019226948220892943,12196,4,6,6,6,48,0.9576610000003711
moderate_t10_n10,df1,lambda_1,0.12,0.12,8,5,0.09001758839137092,0.016107971090971136,12220,6,6,6,6,48,0.9684950999981083
moderate_t10_n10,df1,lambda_1,0.12,0.12,8,6,0.09678053153818163,0.02329588756567413,12196,4,6,6,6,48,0.9718238999994355
moderate_t10_n10,df1,lambda_1,0.12,0.12,8,7,0.08024953094581795,0.016522603689407334,12196,4,6,6,6,48,0.958461599999282
moderate_t10_n10,df1,lambda_1,0.12,0.12,8,8,0.1026584022303407,0.020920715277992295,12208,5,6,6,6,48,0.9714582999986305
moderate_t10_n10,df1,lambda_1,0.12,0.12,8,9,0.10712019991312063,0.02147693814579813,12220,6,6,6,6,48,0.9872388000003411
moderate_t10_n10,df4,lambda_1,0.12,0.12,8,0,0.3323130953159716,0.1828366986912783,12208,5,6,6,6,48,1.0008424000006926
moderate_t10_n10,df4,lambda_1,0.12,0.12,8,1,0.3204448284286709,0.18030244564799627,12208,5,6,6,6,48,1.0121280000021216
moderate_t10_n10,df4,lambda_1,0.12,0.12,8,2,0.3287301536993251,0.17724323225162048,12220,6,6,6,6,48,1.009373199998663
moderate_t10_n10,df4,lambda_1,0.12,0.12,8,3,0.30570960381787654,0.1834922555562381,12208,5,6,6,6,48,1.005596200000582
moderate_t10_n10,df4,lambda_1,0.12,0.12,8,4,0.4204819789615764,0.18307761125708452,12208,5,6,6,6,48,1.0166075000015553
moderate_t10_n10,df4,lambda_1,0.12,0.12,8,5,0.3290748515220994,0.17986706955532986,12208,5,6,6,6,48,1.0173620999994455
moderate_t10_n10,df4,lambda_1,0.12,0.12,8,6,0.3401175623065491,0.18145901469108852,12196,4,6,6,6,48,1.0174372000001313
moderate_t10_n10,df4,lambda_1,0.12,0.12,8,7,0.3869593536099608,0.18411843839908532,12184,3,6,6,6,48,1.0063465999992331
moderate_t10_n10,df4,lambda_1,0.12,0.12,8,8,0.29545822100698316,0.18070707307932382,12208,5,6,6,6,48,1.0139918999993824
moderate_t10_n10,df4,lambda_1,0.12,0.12,8,9,0.2550936003324855,0.18000230338562,12208,5,6,6,6,48,1.0067330000019865
moderate_t10_n10,df7,lambda_1,0.12,0.12,8,0,0.10983248493056776,0.014835395304610163,12208,5,6,6,6,48,0.9539948999990884
moderate_t10_n10,df7,lambda_1,0.12,0.12,8,1,0.09183266022272926,0.011962126466124354,12196,4,6,6,6,48,0.9477786000024935
moderate_t10_n10,df7,lambda_1,0.12,0.12,8,2,0.10370950551406993,0.011824388872052328,12208,5,6,6,6,48,0.9840777999997954
moderate_t10_n10,df7,lambda_1,0.12,0.12,8,3,0.11075350032116944,0.013237069242371094,12208,5,6,6,6,48,0.9836976000005961
moderate_t10_n10,df7,lambda_1,0.12,0.12,8,4,0.11259598093355891,0.0144074791866033,12208,5,6,6,6,48,1.000507099997776
moderate_t10_n10,df7,lambda_1,0.12,0.12,8,5,0.11913754519847067,0.012050126342246928,12196,4,6,6,6,48,0.9976037000014912
moderate_t10_n10,df7,lambda_1,0.12,0.12,8,6,0.17493549790191504,0.013438091311062944,12208,5,6,6,6,48,0.9522618999981205
moderate_t10_n10,df7,lambda_1,0.12,0.12,8,7,0.12543143248977165,0.012975607450938906,12208,5,6,6,6,48,0.9504918999991787
moderate_t10_n10,df7,lambda_1,0.12,0.12,8,8,0.22387289135377472,0.012060307884689626,12220,6,6,6,6,48,0.9546149999987392
moderate_t10_n10,df7,lambda_1,0.12,0.12,8,9,0.18165967987733567,0.012804698383678297,12184,3,6,6,6,48,0.955689500002336
moderate_t10_n10,df9,lambda_1,0.12,0.12,8,0,0.20219913243931134,0.17810651289975252,12220,6,6,6,6,48,1.1062041999975918
moderate_t10_n10,df9,lambda_1,0.12,0.12,8,1,0.19015548076639813,0.13276211704915758,12220,6,6,6,6,48,1.110258699998667
moderate_t10_n10,df9,lambda_1,0.12,0.12,8,2,0.14136358923077294,0.10684576629774759,12208,5,6,6,6,48,1.0895801999977266
moderate_t10_n10,df9,lambda_1,0.12,0.12,8,3,0.16491777912736874,0.2065884379492759,12220,6,6,6,6,48,1.0975011000009545
moderate_t10_n10,df9,lambda_1,0.12,0.12,8,4,0.1677367419826993,0.11625749102687735,12208,5,6,6,6,48,1.0975048000000243
moderate_t10_n10,df9,lambda_1,0.12,0.12,8,5,0.21872248554064333,0.2787506017279947,12220,6,6,6,6,48,1.102304300002288
moderate_t10_n10,df9,lambda_1,0.12,0.12,8,6,0.16404628824113052,0.14967317056175922,12208,5,6,6,6,48,1.0977476999978535
moderate_t10_n10,df9,lambda_1,0.12,0.12,8,7,0.15660074683194194,0.1194700312711469,12220,6,6,6,6,48,1.0914116999992984
moderate_t10_n10,df9,lambda_1,0.12,0.12,8,8,0.1547839845768908,0.1187529328973304,12220,6,6,6,6,48,1.0783788000007917
moderate_t10_n10,df9,lambda_1,0.12,0.12,8,9,0.16437127102042745,0.17270367822013816,12208,5,6,6,6,48,1.0982813999980863
moderate_t10_n10,df1,lambda_1,0.15,0.15,8,0,0.09735257015665644,0.016312253274549403,12208,5,6,6,6,48,0.9599450000023353
moderate_t10_n10,df1,lambda_1,0.15,0.15,8,1,0.07950491021582644,0.03185909212737853,12208,5,6,6,6,48,0.9692263000033563
moderate_t10_n10,df1,lambda_1,0.15,0.15,8,2,0.08554292275530019,0.014801749308165945,12220,6,6,6,6,48,0.9746679999989283
moderate_t10_n10,df1,lambda_1,0.15,0.15,8,3,0.0805475279403444,0.01933196832230034,12220,6,6,6,6,48,0.9832573999992746
moderate_t10_n10,df1,lambda_1,0.15,0.15,8,4,0.10209804481706221,0.01724934543182174,12208,5,6,6,6,48,0.9794770000007702
moderate_t10_n10,df1,lambda_1,0.15,0.15,8,5,0.10966291743389169,0.018053272754510154,12208,5,6,6,6,48,0.9984212999988813
moderate_t10_n10,df1,lambda_1,0.15,0.15,8,6,0.08625192029631967,0.01982031785375129,12208,5,6,6,6,48,1.0029415000026347
moderate_t10_n10,df1,lambda_1,0.15,0.15,8,7,0.07551560790427474,0.015114043865638147,12196,4,6,6,6,48,0.9990829999987909
moderate_t10_n10,df1,lambda_1,0.15,0.15,8,8,0.11599827520245345,0.01609101930164481,12196,4,6,6,6,48,0.994818099999975
moderate_t10_n10,df1,lambda_1,0.15,0.15,8,9,0.09976886044010436,0.01906005732325592,12208,5,6,6,6,48,0.9593184999976074
moderate_t10_n10,df4,lambda_1,0.15,0.15,8,0,0.31773554118288355,0.18263886625927134,12208,5,6,6,6,48,0.9963677000014286
moderate_t10_n10,df4,lambda_1,0.15,0.15,8,1,0.29462752669911035,0.18212282342122624,12208,5,6,6,6,48,0.9968597000006412
moderate_t10_n10,df4,lambda_1,0.15,0.15,8,2,0.2967864806741671,0.1778989606610182,12220,6,6,6,6,48,1.0096918000017467
moderate_t10_n10,df4,lambda_1,0.15,0.15,8,3,0.26745994384879984,0.17980328774949583,12208,5,6,6,6,48,1.0171000999980606
moderate_t10_n10,df4,lambda_1,0.15,0.15,8,4,0.4107540615751549,0.18363493387194357,12208,5,6,6,6,48,0.993901800000458
moderate_t10_n10,df4,lambda_1,0.15,0.15,8,5,0.3047529167742153,0.17781903828491835,12208,5,6,6,6,48,1.000688000000082
moderate_t10_n10,df4,lambda_1,0.15,0.15,8,6,0.29173401647828306,0.1767803320133094,12208,5,6,6,6,48,1.000838299998577
moderate_t10_n10,df4,lambda_1,0.15,0.15,8,7,0.3616438605816839,0.1820552157787151,12220,6,6,6,6,48,1.002317700000276
moderate_t10_n10,df4,lambda_1,0.15,0.15,8,8,0.25703330534056124,0.17960887171147888,12220,6,6,6,6,48,1.012513300000137
moderate_t10_n10,df4,lambda_1,0.15,0.15,8,9,0.24119593059210312,0.18133643021338972,12208,5,6,6,6,48,1.0079093000022112
moderate_t10_n10,df7,lambda_1,0.15,0.15,8,0,0.09895289193785196,0.011770588433414898,12220,6,6,6,6,48,0.9493007000019134
moderate_t10_n10,df7,lambda_1,0.15,0.15,8,1,0.10868515848506656,0.012353884569627223,12208,5,6,6,6,48,0.9521578999992926
moderate_t10_n10,df7,lambda_1,0.15,0.15,8,2,0.11471960941931701,0.011796541037986835,12208,5,6,6,6,48,0.9566783999980544
moderate_t10_n10,df7,lambda_1,0.15,0.15,8,3,0.15532261203650347,0.013003759543592097,12208,5,6,6,6,48,0.9675338000015472
moderate_t10_n10,df7,lambda_1,0.15,0.15,8,4,0.11242123090218219,0.011736793070686098,12196,4,6,6,6,48,1.0779328999997233
moderate_t10_n10,df7,lambda_1,0.15,0.15,8,5,0.1508185976574601,0.01198237185261991,12220,6,6,6,6,48,1.1300042000002577
moderate_t10_n10,df7,lambda_1,0.15,0.15,8,6,0.12068784276787989,0.013234979896405593,12220,6,6,6,6,48,1.0594178999999713
moderate_t10_n10,df7,lambda_1,0.15,0.15,8,7,0.13648943232953187,0.01390399048444899,12208,5,6,6,6,48,1.1162480999992113
moderate_t10_n10,df7,lambda_1,0.15,0.15,8,8,0.3313706993714943,0.013081187208290693,12196,4,6,6,6,48,1.0213000000003376
moderate_t10_n10,df7,lambda_1,0.15,0.15,8,9,0.12688336285009397,0.012908446135651832,12220,6,6,6,6,48,1.021164100002352
moderate_t10_n10,df9,lambda_1,0.15,0.15,8,0,0.1370899529647995,0.11187357453083735,12208,5,6,6,6,48,1.0861663999967277
moderate_t10_n10,df9,lambda_1,0.15,0.15,8,1,0.14948400839116754,0.11063492101728781,12220,6,6,6,6,48,1.085516799998004
moderate_t10_n10,df9,lambda_1,0.15,0.15,8,2,0.162146211344072,0.20985529945890957,12208,5,6,6,6,48,1.0979239999978745
moderate_t10_n10,df9,lambda_1,0.15,0.15,8,3,0.12416868659111599,0.09198057799724621,12208,5,6,6,6,48,1.1378879999974743
moderate_t10_n10,df9,lambda_1,0.15,0.15,8,4,0.17535031567999626,0.11031493882568995,12220,6,6,6,6,48,1.130957400000625
moderate_t10_n10,df9,lambda_1,0.15,0.15,8,5,0.22460962687984595,0.20692361853966584,12220,6,6,6,6,48,1.129835000003368
moderate_t10_n10,df9,lambda_1,0.15,0.15,8,6,0.15695852375531144,0.1191231327546181,12220,6,6,6,6,48,1.1356536999992386
moderate_t10_n10,df9,lambda_1,0.15,0.15,8,7,0.23875233923510802,0.32292804626307536,12208,5,6,6,6,48,1.0925899000030768
moderate_t10_n10,df9,lambda_1,0.15,0.15,8,8,0.16958427209063195,0.18325992223962148,12220,6,6,6,6,48,1.0538942999992287
moderate_t10_n10,df9,lambda_1,0.15,0.15,8,9,0.16136951357457713,0.15440307351032984,12220,6,6,6,6,48,1.0386920999990252
moderate_t10_n10,df1,stagnation_limit,4.0,0.1,4,0,0.07836851930703981,0.017643221754556293,12280,11,6,6,6,48,1.0307293000005302
moderate_t10_n10,df1,stagnation_limit,4.0,0.1,4,1,0.06496978678173733,0.01948165773108684,12256,9,6,6,6,48,1.0065696999990905
moderate_t10_n10,df1,stagnation_limit,4.0,0.1,4,2,0.06809852417835159,0.014251127676231027,12280,11,6,6,6,48,0.9617929000014556
moderate_t10_n10,df1,stagnation_limit,4.0,0.1,4,3,0.08374142743352679,0.017937812981395306,12280,11,6,6,6,48,1.0010746999978437
moderate_t10_n10,df1,stagnation_limit,4.0,0.1,4,4,0.09115694929448045,0.016557725476141608,12280,11,6,6,6,48,0.9895719000014651
moderate_t10_n10,df1,stagnation_limit,4.0,0.1,4,5,0.08732978250694154,0.013961048695419743,12292,12,6,6,6,48,0.998843700002908
moderate_t10_n10,df1,stagnation_limit,4.0,0.1,4,6,0.07548200524577586,0.01983127476871509,12280,11,6,6,6,48,0.9931591999993543
moderate_t10_n10,df1,stagnation_limit,4.0,0.1,4,7,0.06553396798205982,0.021093222474085894,12268,10,6,6,6,48,1.0039753999990353
moderate_t10_n10,df1,stagnation_limit,4.0,0.1,4,8,0.07543287075909459,0.018934087344114395,12256,9,6,6,6,48,0.9975672000000486
moderate_t10_n10,df1,stagnation_limit,4.0,0.1,4,9,0.09518888333088181,0.021649687230765678,12256,9,6,6,6,48,1.0078262000024552
moderate_t10_n10,df4,stagnation_limit,4.0,0.1,4,0,0.33063357848759556,0.18263358093072454,12292,12,6,6,6,48,1.0282608999987133
moderate_t10_n10,df4,stagnation_limit,4.0,0.1,4,1,0.29207684352638635,0.18527891871257157,12280,11,6,6,6,48,1.0343384000007063
moderate_t10_n10,df4,stagnation_limit,4.0,0.1,4,2,0.32335875827749383,0.1803309481293636,12292,12,6,6,6,48,1.0070836000013514
moderate_t10_n10,df4,stagnation_limit,4.0,0.1,4,3,0.32065278337135494,0.18602529408793836,12292,12,6,6,6,48,1.0223167000003741
moderate_t10_n10,df4,stagnation_limit,4.0,0.1,4,4,0.45544874097352717,0.18233585264620628,12280,11,6,6,6,48,1.0210540999978548
moderate_t10_n10,df4,stagnation_limit,4.0,0.1,4,5,0.37351555089844085,0.18296730179827808,12292,12,6,6,6,48,1.0188517000024149
moderate_t10_n10,df4,stagnation_limit,4.0,0.1,4,6,0.35046582191320025,0.18243689663798804,12280,11,6,6,6,48,1.0166419000015594
moderate_t10_n10,df4,stagnation_limit,4.0,0.1,4,7,0.4216989810049032,0.18278557891149722,12280,11,6,6,6,48,1.006494900000689
moderate_t10_n10,df4,stagnation_limit,4.0,0.1,4,8,0.29219889321613823,0.18128514949809593,12292,12,6,6,6,48,0.9938121999985015
moderate_t10_n10,df4,stagnation_limit,4.0,0.1,4,9,0.3079241750474982,0.18203061565105835,12280,11,6,6,6,48,1.0085857000012766
moderate_t10_n10,df7,stagnation_limit,4.0,0.1,4,0,0.08977623062650204,0.013831062369023974,12280,11,6,6,6,48,1.0314357999995991
moderate_t10_n10,df7,stagnation_limit,4.0,0.1,4,1,0.07514275784528683,0.013147203511695302,12268,10,6,6,6,48,1.057674700001371
moderate_t10_n10,df7,stagnation_limit,4.0,0.1,4,2,0.08827053160014434,0.014243821506859508,12268,10,6,6,6,48,1.0330781999982719
moderate_t10_n10,df7,stagnation_limit,4.0,0.1,4,3,0.10657348438298521,0.012557973113510121,12280,11,6,6,6,48,1.0287878999988607
moderate_t10_n10,df7,stagnation_limit,4.0,0.1,4,4,0.11362212099377801,0.014117624725951855,12232,7,6,6,6,48,1.0377142999968783
moderate_t10_n10,df7,stagnation_limit,4.0,0.1,4,5,0.11873891147625955,0.014307389503472106,12292,12,6,6,6,48,1.0298823999983142
moderate_t10_n10,df7,stagnation_limit,4.0,0.1,4,6,0.10053807072766671,0.012919314284522476,12244,8,6,6,6,48,1.0284861000000092
moderate_t10_n10,df7,stagnation_limit,4.0,0.1,4,7,0.11836153838265671,0.013514238081635039,12292,12,6,6,6,48,1.0260413999967568
moderate_t10_n10,df7,stagnation_limit,4.0,0.1,4,8,0.24225521173069625,0.012458293292496234,12280,11,6,6,6,48,1.0449437999996007
moderate_t10_n10,df7,stagnation_limit,4.0,0.1,4,9,0.10163888460598273,0.014684062345194602,12268,10,6,6,6,48,1.0257450999997673
moderate_t10_n10,df9,stagnation_limit,4.0,0.1,4,0,0.15623922457696526,0.1116047697930426,12292,12,6,6,6,48,1.0893589000006614
moderate_t10_n10,df9,stagnation_limit,4.0,0.1,4,1,0.24080182934324532,0.19223701379508581,12292,12,6,6,6,48,1.0909147999991546
moderate_t10_n10,df9,stagnation_limit,4.0,0.1,4,2,0.14478337648735,0.13104432861379312,12292,12,6,6,6,48,1.0981346999978996
moderate_t10_n10,df9,stagnation_limit,4.0,0.1,4,3,0.16416394946752308,0.09915417044693434,12292,12,6,6,6,48,1.0923956000006
moderate_t10_n10,df9,stagnation_limit,4.0,0.1,4,4,0.1877624175668052,0.14561320969379693,12292,12,6,6,6,48,1.0980767000000924
moderate_t10_n10,df9,stagnation_limit,4.0,0.1,4,5,0.18105925470705506,0.14148581929668022,12292,12,6,6,6,48,1.0981628999979876
moderate_t10_n10,df9,stagnation_limit,4.0,0.1,4,6,0.1595868804314202,0.11383322369448692,12292,12,6,6,6,48,1.0961821999990207
moderate_t10_n10,df9,stagnation_limit,4.0,0.1,4,7,0.16882661891022174,0.16011624048998097,12280,11,6,6,6,48,1.0947936000011396
moderate_t10_n10,df9,stagnation_limit,4.0,0.1,4,8,0.1475041595423995,0.14173575853110876,12292,12,6,6,6,48,1.1036825999981374
moderate_t10_n10,df9,stagnation_limit,4.0,0.1,4,9,0.14589087748101598,0.1393752260896469,12292,12,6,6,6,48,1.0914613000022655
moderate_t10_n10,df1,stagnation_limit,6.0,0.1,6,0,0.0820539586023589,0.0178688995620237,12208,5,6,6,6,48,0.975505800000974
moderate_t10_n10,df1,stagnation_limit,6.0,0.1,6,1,0.08867485852622924,0.018168427060994547,12208,5,6,6,6,48,0.9682117999982438
moderate_t10_n10,df1,stagnation_limit,6.0,0.1,6,2,0.07270062224880511,0.0208576075146766,12220,6,6,6,6,48,0.9578135999981896
moderate_t10_n10,df1,stagnation_limit,6.0,0.1,6,3,0.08166184017053711,0.019266750008784493,12220,6,6,6,6,48,0.9860704000020633
moderate_t10_n10,df1,stagnation_limit,6.0,0.1,6,4,0.10353032256108703,0.01817199056756278,12220,6,6,6,6,48,0.9825916999980109
moderate_t10_n10,df1,stagnation_limit,6.0,0.1,6,5,0.09343997740538025,0.017856344551803918,12220,6,6,6,6,48,0.9833514000019932
moderate_t10_n10,df1,stagnation_limit,6.0,0.1,6,6,0.08172234148984962,0.02040127525531775,12220,6,6,6,6,48,0.9735585999987961
moderate_t10_n10,df1,stagnation_limit,6.0,0.1,6,7,0.06643948153801126,0.016456619771052783,12220,6,6,6,6,48,0.9888088000006974
moderate_t10_n10,df1,stagnation_limit,6.0,0.1,6,8,0.0833322867154606,0.02003251075525321,12220,6,6,6,6,48,1.0217451999997138
moderate_t10_n10,df1,stagnation_limit,6.0,0.1,6,9,0.09882087470904823,0.015756388650007752,12220,6,6,6,6,48,1.042426500000147
moderate_t10_n10,df4,stagnation_limit,6.0,0.1,6,0,0.32475122734102096,0.18345881335796968,12220,6,6,6,6,48,1.0067128000009689
moderate_t10_n10,df4,stagnation_limit,6.0,0.1,6,1,0.29191090644190115,0.18383186487202768,12220,6,6,6,6,48,1.0178190000005998
moderate_t10_n10,df4,stagnation_limit,6.0,0.1,6,2,0.3267359112040221,0.1822350671484113,12220,6,6,6,6,48,1.0071467000016128
moderate_t10_n10,df4,stagnation_limit,6.0,0.1,6,3,0.31902142207720424,0.18476593671038294,12220,6,6,6,6,48,1.016828700001497
moderate_t10_n10,df4,stagnation_limit,6.0,0.1,6,4,0.4585841828759827,0.18440801833848797,12220,6,6,6,6,48,1.003581299999496
moderate_t10_n10,df4,stagnation_limit,6.0,0.1,6,5,0.3598470930207718,0.18164903169188626,12208,5,6,6,6,48,0.9978803000012704
moderate_t10_n10,df4,stagnation_limit,6.0,0.1,6,6,0.357454268385139,0.18222459734136068,12220,6,6,6,6,48,1.0178725000005215
moderate_t10_n10,df4,stagnation_limit,6.0,0.1,6,7,0.41990459852001477,0.17869979894119614,12208,5,6,6,6,48,1.0125689000014972
moderate_t10_n10,df4,stagnation_limit,6.0,0.1,6,8,0.2975958711705824,0.18274111275278665,12220,6,6,6,6,48,1.004522100000031
moderate_t10_n10,df4,stagnation_limit,6.0,0.1,6,9,0.306959428701877,0.17910233806205578,12220,6,6,6,6,48,0.9993685000008554
moderate_t10_n10,df7,stagnation_limit,6.0,0.1,6,0,0.09671123979064157,0.01225642495206734,12196,4,6,6,6,48,1.021734000001743
moderate_t10_n10,df7,stagnation_limit,6.0,0.1,6,1,0.07354808657041013,0.013703208484975646,12220,6,6,6,6,48,1.01404360000015
moderate_t10_n10,df7,stagnation_limit,6.0,0.1,6,2,0.10380888354074777,0.013090923891307896,12196,4,6,6,6,48,1.0337919000012334
moderate_t10_n10,df7,stagnation_limit,6.0,0.1,6,3,0.13654071561578388,0.013471686060610449,12220,6,6,6,6,48,1.0426920999998401
moderate_t10_n10,df7,stagnation_limit,6.0,0.1,6,4,0.12210326550305727,0.013148912330613442,12196,4,6,6,6,48,1.0253169000025082
moderate_t10_n10,df7,stagnation_limit,6.0,0.1,6,5,0.13364182226626206,0.012649853207105826,12196,4,6,6,6,48,1.0085734999993292
moderate_t10_n10,df7,stagnation_limit,6.0,0.1,6,6,0.15391049663389678,0.012552901177615863,12208,5,6,6,6,48,1.0230989000010595
moderate_t10_n10,df7,stagnation_limit,6.0,0.1,6,7,0.13733413043503542,0.011840793064092695,12208,5,6,6,6,48,1.0222103999985848
moderate_t10_n10,df7,stagnation_limit,6.0,0.1,6,8,0.22445661553300492,0.013341303261874365,12220,6,6,6,6,48,1.0562747000003583
moderate_t10_n10,df7,stagnation_limit,6.0,0.1,6,9,0.1232669416234713,0.012097147690257163,12208,5,6,6,6,48,1.0464706999991904
moderate_t10_n10,df9,stagnation_limit,6.0,0.1,6,0,0.1684196947237654,0.17246553135741652,12220,6,6,6,6,48,1.076501300001837
moderate_t10_n10,df9,stagnation_limit,6.0,0.1,6,1,0.19720740145102636,0.16371039657204176,12220,6,6,6,6,48,1.0606442999996943
moderate_t10_n10,df9,stagnation_limit,6.0,0.1,6,2,0.15795663315146358,0.16289095653028196,12220,6,6,6,6,48,1.0638054000010015
moderate_t10_n10,df9,stagnation_limit,6.0,0.1,6,3,0.16457207872272864,0.17904425019708964,12220,6,6,6,6,48,1.0820082999998704
moderate_t10_n10,df9,stagnation_limit,6.0,0.1,6,4,0.18082244795893693,0.12665046937982652,12220,6,6,6,6,48,1.0700187000002188
moderate_t10_n10,df9,stagnation_limit,6.0,0.1,6,5,0.20642861578325322,0.1831998611500883,12220,6,6,6,6,48,1.0734260000026552
moderate_t10_n10,df9,stagnation_limit,6.0,0.1,6,6,0.15331686847510637,0.1372909374335315,12220,6,6,6,6,48,1.1054653000028338
moderate_t10_n10,df9,stagnation_limit,6.0,0.1,6,7,0.21842705398975013,0.1717906840756756,12220,6,6,6,6,48,1.1101482999984
moderate_t10_n10,df9,stagnation_limit,6.0,0.1,6,8,0.1949405121755453,0.21598161726296894,12220,6,6,6,6,48,1.0923662999994121
moderate_t10_n10,df9,stagnation_limit,6.0,0.1,6,9,0.13596151512104113,0.12285329051452712,12220,6,6,6,6,48,1.1042554000014206
moderate_t10_n10,df1,stagnation_limit,8.0,0.1,8,0,0.0920571252856353,0.019127951029284204,12208,5,6,6,6,48,1.0529768999986118
moderate_t10_n10,df1,stagnation_limit,8.0,0.1,8,1,0.07736724067124552,0.02074042226538963,12208,5,6,6,6,48,1.0582269000005908
moderate_t10_n10,df1,stagnation_limit,8.0,0.1,8,2,0.07707604966090992,0.01797440074495778,12208,5,6,6,6,48,1.1208350000015344
moderate_t10_n10,df1,stagnation_limit,8.0,0.1,8,3,0.0967676368424986,0.0293359570554274,12208,5,6,6,6,48,1.1122156999990693
moderate_t10_n10,df1,stagnation_limit,8.0,0.1,8,4,0.10066722839643284,0.01794237840463859,12196,4,6,6,6,48,1.0919118999991042
moderate_t10_n10,df1,stagnation_limit,8.0,0.1,8,5,0.10833765593596668,0.02148523712631347,12220,6,6,6,6,48,1.0625255000013567
moderate_t10_n10,df1,stagnation_limit,8.0,0.1,8,6,0.08969457383596463,0.028902750720069488,12184,3,6,6,6,48,1.0196023999997124
moderate_t10_n10,df1,stagnation_limit,8.0,0.1,8,7,0.06874513637413655,0.024911140858608516,12208,5,6,6,6,48,1.0256129999979748
moderate_t10_n10,df1,stagnation_limit,8.0,0.1,8,8,0.08641858625488201,0.021069413964410654,12196,4,6,6,6,48,1.0140996000009181
moderate_t10_n10,df1,stagnation_limit,8.0,0.1,8,9,0.10597010044823889,0.020736491006189538,12208,5,6,6,6,48,1.0680852999976196
moderate_t10_n10,df4,stagnation_limit,8.0,0.1,8,0,0.32660881210430337,0.18260826326221646,12208,5,6,6,6,48,1.0019147999992128
moderate_t10_n10,df4,stagnation_limit,8.0,0.1,8,1,0.2903491113218087,0.1801945920112091,12208,5,6,6,6,48,1.0090958000000683
moderate_t10_n10,df4,stagnation_limit,8.0,0.1,8,2,0.3244323814317435,0.1803429852990874,12220,6,6,6,6,48,0.9881290999983321
moderate_t10_n10,df4,stagnation_limit,8.0,0.1,8,3,0.3143930528180297,0.18433817611823272,12220,6,6,6,6,48,0.9799147000012454
moderate_t10_n10,df4,stagnation_limit,8.0,0.1,8,4,0.45594323251685653,0.17924365464957726,12208,5,6,6,6,48,0.9998076000010769
moderate_t10_n10,df4,stagnation_limit,8.0,0.1,8,5,0.36165585643176734,0.1811905719475189,12220,6,6,6,6,48,1.0134340000004158
moderate_t10_n10,df4,stagnation_limit,8.0,0.1,8,6,0.3582412480738528,0.18004819166086122,12196,4,6,6,6,48,1.0182074000003922
moderate_t10_n10,df4,stagnation_limit,8.0,0.1,8,7,0.41926594680585627,0.17864879951153284,12208,5,6,6,6,48,1.021264599999995
moderate_t10_n10,df4,stagnation_limit,8.0,0.1,8,8,0.2902537660430356,0.17968522217804256,12220,6,6,6,6,48,1.0323452000011457
moderate_t10_n10,df4,stagnation_limit,8.0,0.1,8,9,0.30782859498855747,0.1788642775795706,12196,4,6,6,6,48,1.0035624000011012
moderate_t10_n10,df7,stagnation_limit,8.0,0.1,8,0,0.10865085867890531,0.01367468488126081,12208,5,6,6,6,48,1.0470580999972299
moderate_t10_n10,df7,stagnation_limit,8.0,0.1,8,1,0.07259989088909395,0.013219456877278468,12208,5,6,6,6,48,1.0311327999988862
moderate_t10_n10,df7,stagnation_limit,8.0,0.1,8,2,0.09466509527212968,0.012524258140278171,12220,6,6,6,6,48,1.004086400000233
moderate_t10_n10,df7,stagnation_limit,8.0,0.1,8,3,0.1410110203366864,0.012899018287743794,12196,4,6,6,6,48,1.031792800000403
moderate_t10_n10,df7,stagnation_limit,8.0,0.1,8,4,0.1337116296478565,0.013336238269604676,12208,5,6,6,6,48,1.028658600000199
moderate_t10_n10,df7,stagnation_limit,8.0,0.1,8,5,0.1271615512063277,0.012338336377596645,12208,5,6,6,6,48,1.034603000000061
moderate_t10_n10,df7,stagnation_limit,8.0,0.1,8,6,0.12102724153194219,0.012935824502931353,12220,6,6,6,6,48,1.0242953000015405
moderate_t10_n10,df7,stagnation_limit,8.0,0.1,8,7,0.11099405299998,0.013360198015589292,12208,5,6,6,6,48,1.0107876000001852
moderate_t10_n10,df7,stagnation_limit,8.0,0.1,8,8,0.2591489658198732,0.012873934553123028,12220,6,6,6,6,48,1.0493156000011368
moderate_t10_n10,df7,stagnation_limit,8.0,0.1,8,9,0.12934599531767596,0.014415703292588563,12196,4,6,6,6,48,1.0366058999970846
moderate_t10_n10,df9,stagnation_limit,8.0,0.1,8,0,0.19436097720846715,0.17013111675456166,12208,5,6,6,6,48,1.128002399997058
moderate_t10_n10,df9,stagnation_limit,8.0,0.1,8,1,0.23548465644179647,0.2561633015926808,12220,6,6,6,6,48,1.0919851999969978
moderate_t10_n10,df9,stagnation_limit,8.0,0.1,8,2,0.134226993503615,0.14798238235273237,12220,6,6,6,6,48,1.0801807000025292
moderate_t10_n10,df9,stagnation_limit,8.0,0.1,8,3,0.1424197113093295,0.09477898958789885,12220,6,6,6,6,48,1.0913142999997945
moderate_t10_n10,df9,stagnation_limit,8.0,0.1,8,4,0.1687275172701382,0.11069164183180202,12220,6,6,6,6,48,1.0885407000023406
moderate_t10_n10,df9,stagnation_limit,8.0,0.1,8,5,0.18249455066091783,0.1318813930032277,12220,6,6,6,6,48,1.0862659999984317
moderate_t10_n10,df9,stagnation_limit,8.0,0.1,8,6,0.16558831868749888,0.11182132226627342,12208,5,6,6,6,48,1.0891021999996156
moderate_t10_n10,df9,stagnation_limit,8.0,0.1,8,7,0.18636970610589404,0.10586434349928417,12220,6,6,6,6,48,1.0876424999987648
moderate_t10_n10,df9,stagnation_limit,8.0,0.1,8,8,0.18735511544478928,0.17039130098972335,12220,6,6,6,6,48,1.0811733000009554
moderate_t10_n10,df9,stagnation_limit,8.0,0.1,8,9,0.14335467262378657,0.09813001817218567,12220,6,6,6,6,48,1.0958545000030426
moderate_t10_n10,df1,stagnation_limit,10.0,0.1,10,0,0.07552738730483093,0.016714114838404123,12160,1,6,6,6,48,1.166908200000762
moderate_t10_n10,df1,stagnation_limit,10.0,0.1,10,1,0.08035827955779755,0.018054345148178018,12160,1,6,6,6,48,1.1509979000002204
moderate_t10_n10,df1,stagnation_limit,10.0,0.1,10,2,0.082744488970334,0.018779215953585185,12148,0,6,6,6,48,1.093849600001704
moderate_t10_n10,df1,stagnation_limit,10.0,0.1,10,3,0.07591020801739212,0.019760361479516382,12208,5,6,6,6,48,1.1468902000015078
moderate_t10_n10,df1,stagnation_limit,10.0,0.1,10,4,0.08731384561352178,0.018755320448249492,12172,2,6,6,6,48,1.0719315000023926
moderate_t10_n10,df1,stagnation_limit,10.0,0.1,10,5,0.10243832232720008,0.019362230201221388,12160,1,6,6,6,48,1.069567200000165
moderate_t10_n10,df1,stagnation_limit,10.0,0.1,10,6,0.087973489214172,0.02202267735082236,12172,2,6,6,6,48,1.0788337000012689
moderate_t10_n10,df1,stagnation_limit,10.0,0.1,10,7,0.060032481472707476,0.016973494219283965,12172,2,6,6,6,48,1.0789938000016264
moderate_t10_n10,df1,stagnation_limit,10.0,0.1,10,8,0.08795798338839506,0.021225875960383896,12172,2,6,6,6,48,1.119847400001163
moderate_t10_n10,df1,stagnation_limit,10.0,0.1,10,9,0.09063226639852912,0.016703303662818636,12184,3,6,6,6,48,1.052618400000938
moderate_t10_n10,df4,stagnation_limit,10.0,0.1,10,0,0.3246703497312,0.18120396808452743,12208,5,6,6,6,48,0.9974094000026525
moderate_t10_n10,df4,stagnation_limit,10.0,0.1,10,1,0.2920511907596868,0.18143382965663307,12208,5,6,6,6,48,1.0093444000012823
moderate_t10_n10,df4,stagnation_limit,10.0,0.1,10,2,0.32614857032537675,0.18563686040515154,12208,5,6,6,6,48,0.9890509000033489
moderate_t10_n10,df4,stagnation_limit,10.0,0.1,10,3,0.31165606311652144,0.18299887275466448,12208,5,6,6,6,48,1.0080667000001995
moderate_t10_n10,df4,stagnation_limit,10.0,0.1,10,4,0.4572611675695354,0.182212571816055,12208,5,6,6,6,48,1.0114246000011917
moderate_t10_n10,df4,stagnation_limit,10.0,0.1,10,5,0.3626038402082209,0.17935638522078162,12208,5,6,6,6,48,1.0039377000030072
moderate_t10_n10,df4,stagnation_limit,10.0,0.1,10,6,0.35772808440070786,0.18115959767175754,12196,4,6,6,6,48,1.0153761000001396
moderate_t10_n10,df4,stagnation_limit,10.0,0.1,10,7,0.4210343342024212,0.18171226678037447,12208,5,6,6,6,48,1.025355399997352
moderate_t10_n10,df4,stagnation_limit,10.0,0.1,10,8,0.29282070305071106,0.18357902288681513,12208,5,6,6,6,48,1.0229006999979902
moderate_t10_n10,df4,stagnation_limit,10.0,0.1,10,9,0.3077431942423426,0.1786274803415277,12208,5,6,6,6,48,1.023837500000809
moderate_t10_n10,df7,stagnation_limit,10.0,0.1,10,0,0.13259957824433938,0.0137908153791685,12208,5,6,6,6,48,1.0161923999985447
moderate_t10_n10,df7,stagnation_limit,10.0,0.1,10,1,0.0765026727503714,0.01408725329425561,12196,4,6,6,6,48,1.0237855000013951
moderate_t10_n10,df7,stagnation_limit,10.0,0.1,10,2,0.13802242099416173,0.013606511949834046,12208,5,6,6,6,48,1.032913600000029
moderate_t10_n10,df7,stagnation_limit,10.0,0.1,10,3,0.19884336732874303,0.01355772261014906,12184,3,6,6,6,48,1.0437086000019917
moderate_t10_n10,df7,stagnation_limit,10.0,0.1,10,4,0.21416251515856374,0.012621079724160733,12184,3,6,6,6,48,1.020242499998858
moderate_t10_n10,df7,stagnation_limit,10.0,0.1,10,5,0.15303997286268728,0.014743934790470667,12208,5,6,6,6,48,1.010710200000176
moderate_t10_n10,df7,stagnation_limit,10.0,0.1,10,6,0.1458771505958228,0.012735122146532565,12196,4,6,6,6,48,1.0163320999999996
moderate_t10_n10,df7,stagnation_limit,10.0,0.1,10,7,0.14725883397884681,0.012758562608560325,12208,5,6,6,6,48,1.0012868999983766
moderate_t10_n10,df7,stagnation_limit,10.0,0.1,10,8,0.30448840742885847,0.01235656499936475,12208,5,6,6,6,48,1.0261380999982066
moderate_t10_n10,df7,stagnation_limit,10.0,0.1,10,9,0.2799635574779886,0.014100806246841374,12172,2,6,6,6,48,1.010934099998849
moderate_t10_n10,df9,stagnation_limit,10.0,0.1,10,0,0.2067069026457576,0.17017318909153228,12172,2,6,6,6,48,1.1070044000007329
moderate_t10_n10,df9,stagnation_limit,10.0,0.1,10,1,0.19781141848162037,0.1623821422051141,12148,0,6,6,6,48,1.0955405999993673
moderate_t10_n10,df9,stagnation_limit,10.0,0.1,10,2,0.1559429173188225,0.18912070785587962,12184,3,6,6,6,48,1.1304581000003964
moderate_t10_n10,df9,stagnation_limit,10.0,0.1,10,3,0.13507126225033567,0.14368674027698589,12148,0,6,6,6,48,1.1289895000008983
moderate_t10_n10,df9,stagnation_limit,10.0,0.1,10,4,0.20515750901705399,0.15878365197645827,12148,0,6,6,6,48,1.0944062999988091
moderate_t10_n10,df9,stagnation_limit,10.0,0.1,10,5,0.1719070852830475,0.09104432628795708,12160,1,6,6,6,48,1.0883100999999442
moderate_t10_n10,df9,stagnation_limit,10.0,0.1,10,6,0.180629675354183,0.20604804378201905,12172,2,6,6,6,48,1.0935865999999805
moderate_t10_n10,df9,stagnation_limit,10.0,0.1,10,7,0.1926023842993588,0.1582377848098816,12148,0,6,6,6,48,1.1067849999999453
moderate_t10_n10,df9,stagnation_limit,10.0,0.1,10,8,0.1902064880450526,0.16584342912091438,12148,0,6,6,6,48,1.11911930000133
moderate_t10_n10,df9,stagnation_limit,10.0,0.1,10,9,0.14486267920238516,0.13411032067985756,12148,0,6,6,6,48,1.0991577999993751
moderate_t10_n10,df1,stagnation_limit,12.0,0.1,12,0,0.08991235327411402,0.0193067846867111,12148,0,6,6,6,48,1.1177244000027713
moderate_t10_n10,df1,stagnation_limit,12.0,0.1,12,1,0.08119295995295703,0.02118427576853689,12148,0,6,6,6,48,1.0380401000002166
moderate_t10_n10,df1,stagnation_limit,12.0,0.1,12,2,0.082744488970334,0.018779215953585185,12148,0,6,6,6,48,0.9958204999966256
moderate_t10_n10,df1,stagnation_limit,12.0,0.1,12,3,0.10707416041347541,0.02266210501406755,12148,0,6,6,6,48,0.9970104999993055
moderate_t10_n10,df1,stagnation_limit,12.0,0.1,12,4,0.10239413263056577,0.021478435332053066,12148,0,6,6,6,48,1.0073650000013004
moderate_t10_n10,df1,stagnation_limit,12.0,0.1,12,5,0.10244200450274335,0.019384323254480907,12148,0,6,6,6,48,1.003280500000983
moderate_t10_n10,df1,stagnation_limit,12.0,0.1,12,6,0.08767609987285836,0.02037271002901414,12148,0,6,6,6,48,1.0177997999999207
moderate_t10_n10,df1,stagnation_limit,12.0,0.1,12,7,0.07080616080098971,0.017912473456767695,12148,0,6,6,6,48,1.0069045999989612
moderate_t10_n10,df1,stagnation_limit,12.0,0.1,12,8,0.08480987330603192,0.0190381368997981,12148,0,6,6,6,48,1.0097268000026816
moderate_t10_n10,df1,stagnation_limit,12.0,0.1,12,9,0.11141635573696777,0.02329825186960167,12148,0,6,6,6,48,1.0057188999999198
moderate_t10_n10,df4,stagnation_limit,12.0,0.1,12,0,0.3240768239720341,0.17988389388119116,12148,0,6,6,6,48,0.9996777000014845
moderate_t10_n10,df4,stagnation_limit,12.0,0.1,12,1,0.2906194705402113,0.1838896131936449,12148,0,6,6,6,48,1.022424200000387
moderate_t10_n10,df4,stagnation_limit,12.0,0.1,12,2,0.3253874495011554,0.18064025381877727,12148,0,6,6,6,48,0.9916183999994246
moderate_t10_n10,df4,stagnation_limit,12.0,0.1,12,3,0.31396154077968613,0.1840760626297751,12148,0,6,6,6,48,1.0014196000010998
moderate_t10_n10,df4,stagnation_limit,12.0,0.1,12,4,0.458540333449428,0.18557963787160897,12148,0,6,6,6,48,1.0021825000003446
moderate_t10_n10,df4,stagnation_limit,12.0,0.1,12,5,0.3630154200897923,0.18347712054471715,12148,0,6,6,6,48,0.9759629000000132
moderate_t10_n10,df4,stagnation_limit,12.0,0.1,12,6,0.3582066693708116,0.18143369144956512,12148,0,6,6,6,48,0.9843610000025365
moderate_t10_n10,df4,stagnation_limit,12.0,0.1,12,7,0.4200491242425859,0.17697282828418187,12148,0,6,6,6,48,0.9970055000012508
moderate_t10_n10,df4,stagnation_limit,12.0,0.1,12,8,0.29054950796172,0.18142401128465427,12148,0,6,6,6,48,0.9973110999999335
moderate_t10_n10,df4,stagnation_limit,12.0,0.1,12,9,0.3090928002483942,0.18460671224089079,12148,0,6,6,6,48,1.00728270000036
moderate_t10_n10,df7,stagnation_limit,12.0,0.1,12,0,0.3299179134534267,0.30567788105068716,12148,0,6,6,6,48,1.0174342999998771
moderate_t10_n10,df7,stagnation_limit,12.0,0.1,12,1,0.07661358284497331,0.013815401421538883,12148,0,6,6,6,48,1.0306640000017069
moderate_t10_n10,df7,stagnation_limit,12.0,0.1,12,2,0.2895864597963416,0.19467098632935992,12148,0,6,6,6,48,1.0174651999986963
moderate_t10_n10,df7,stagnation_limit,12.0,0.1,12,3,0.3250981744921248,0.2193536834243872,12148,0,6,6,6,48,1.0729284000008192
moderate_t10_n10,df7,stagnation_limit,12.0,0.1,12,4,0.34452328727126724,0.2525190816481746,12148,0,6,6,6,48,1.0419819000017014
moderate_t10_n10,df7,stagnation_limit,12.0,0.1,12,5,0.3375245167842522,0.2559445266821527,12148,0,6,6,6,48,1.0307518999979948
moderate_t10_n10,df7,stagnation_limit,12.0,0.1,12,6,0.2516748845803595,0.12130715754940861,12148,0,6,6,6,48,1.0295298000019102
moderate_t10_n10,df7,stagnation_limit,12.0,0.1,12,7,0.34390676230049194,0.2858033780634279,12148,0,6,6,6,48,1.0259060999997018
moderate_t10_n10,df7,stagnation_limit,12.0,0.1,12,8,0.42773029851276506,0.2583306203277463,12148,0,6,6,6,48,1.055687800002488
moderate_t10_n10,df7,stagnation_limit,12.0,0.1,12,9,0.37070716115279817,0.247529720986524,12148,0,6,6,6,48,1.0226069999989704
moderate_t10_n10,df9,stagnation_limit,12.0,0.1,12,0,0.2139232789227271,0.24948334839002687,12148,0,6,6,6,48,1.085367600000609
moderate_t10_n10,df9,stagnation_limit,12.0,0.1,12,1,0.19781141848162037,0.1623821422051141,12148,0,6,6,6,48,1.0925696999984211
moderate_t10_n10,df9,stagnation_limit,12.0,0.1,12,2,0.1526551482672427,0.11685775643151694,12148,0,6,6,6,48,1.0926657000018167
moderate_t10_n10,df9,stagnation_limit,12.0,0.1,12,3,0.13507126225033567,0.14368674027698589,12148,0,6,6,6,48,1.0893020000003162
moderate_t10_n10,df9,stagnation_limit,12.0,0.1,12,4,0.20515750901705399,0.15878365197645827,12148,0,6,6,6,48,1.086123500001122
moderate_t10_n10,df9,stagnation_limit,12.0,0.1,12,5,0.17251540769347617,0.09531858372034291,12148,0,6,6,6,48,1.0747229000007792
moderate_t10_n10,df9,stagnation_limit,12.0,0.1,12,6,0.1789246762886676,0.19587716793739787,12148,0,6,6,6,48,1.0704655999979877
moderate_t10_n10,df9,stagnation_limit,12.0,0.1,12,7,0.1926023842993588,0.1582377848098816,12148,0,6,6,6,48,1.0691547999995237
moderate_t10_n10,df9,stagnation_limit,12.0,0.1,12,8,0.1902064880450526,0.16584342912091438,12148,0,6,6,6,48,1.0616488000014215
moderate_t10_n10,df9,stagnation_limit,12.0,0.1,12,9,0.14486267920238516,0.13411032067985756,12148,0,6,6,6,48,1.0677531000001181
